product_id,product_title,product_description,review_text,image_paths,label
prod_03,"Cetaphil Gentle Skin Cleanser 59ml (For Sensitive Skin, Non-Drying Facial Wash, And Paraben Free)","Our best-selling gentle skin cleanser is clinically proven to actively hydrate while cleansing the skin, and defends against the five signs of skin sensitivity including dryness, irritation, roughness, toughness, and a weakened skin barrier
Our best-seller and fan favorite - a mild, non-irritating and soap-free formula that soothes skin as it cleanses. This award-winning cleanser is clinically proven to hydrate while cleansing, and helps to strengthen the skin&#39;s moisture barrier. It can be specifically used for everyday cleansing, and defends against the five signs of skin sensitivity - dryness, irritation, roughness, toughness, and weakened skin barrier. Non-comodogenic, fragrance-free, pH balanced, and dermatologically tested.
Cetaphil is the most prescribed skincare brand by dermatologists.
- Gentle, soap-free, non-irritating cleanser actively hydrates while cleansing
- Defends against the five signs of skin sensitivity, including dryness, irritation, roughness, tightness and weakened skin barrier
- Non-foaming cleanser can be used with or without water
- Suitable for all skin types, including dry and sensitive skin
- Dermatologist tested and clinically proven to be gentle on sensitive skin
- Fragrance free, hypoallergenic and non-comedogenic, so it won&#39;t irritate skin or clog pores
INGREDIENTS:
Aqua, Glycerin, Cetearyl Alcohol, Panthenol, Niacinamide, Pantolactone, Xanthan Gum, Sodium Cocoyl Isethionate, Sodium Benzoate, Citric Acid
Directions for Use:
With water: 
Apply cleanser and gentle massage into skin. Rinse.
Without water:
Apply a liberal amount of cleanser and gently massage into skin.
About the Brand:
Cetaphil is a gentle skincare brand that has been recommended by dermatologists for over 70 years, and is today used by millions of people with sensitive skin from all around the world. It offers a complete range of cleansers, moisturizers and sun protection ideal for face and body, providing gentle yet effective skincare formula to strengthen and protect even the most sensitive skin.
MOST PRESCRIBED SKINCARE BRAND
Cetaphil is the original sensitive cleanser recommended by dermatologists for over 70 years
CLINICALLY TESTED FOR SENSITIVE SKIN
Our soap-free, skin nourishing products will treat your skin without irritation and is hypoallergenic
DEFENDS AGAINST 5 SIGNS OF SENSITIVITY
Clinically proven to soothe, hydrate, and nourish sensitive skin",Glin Liit KYA AYW KNG MG EXPECT MSASAKTAN K LNG😉 ok un packinging KALA MO BBSAGIN KALAKI UN PLA SIN LAKI LNG DALIRI KO,ph-11134103-7r991-lp6p8yga4or3c9.jpg,0
prod_06,Baseus H19 Wired Earphones 6D Stereo Bass Headphone In-Ear 3.5mm Headset with MIC,"Hey~ Welcome to Baseus Flagship Official Store!!! Please read the product description clearly,choose u need.Most items have ready stocks! Enjoy~
 ❥Package:
1*H19 3.5mm wired earphone
❥Specifications:
Brand: Baseus
Length:1.2m
❥Feature:
1. Inclined in the ear design, comfortable to wear all day.
2. Φ 14 mm moving coil + PU composite diaphragm, 6 d sound quality,
3. Thin wire control design, sensitive keys, durable
4. Built-in HD microphone, high restoration degree,
5. TPE pattern wire, soft and anti-winding
6. Support all devices with 3.5mm interface",The quality of the sound/audio is good. The only problem is yung sa volume up and down. Hindi siya gumagana. Mukhang defective item itong mga binebenta nila sa sale nila. Buy at your own risk.,a671592788c1618332dbb0c1be939c95.jpg,0
prod_08,Inplay S500 Wired RGB Gaming Headset With Mic Surround Sound Over Ear Headphone For PC Laptop,"Inplay Official Service Center Guranteed
Variation
Brand: Inplay
Model: S500
Driver Diameter: 50mm
Impedance: 32Ω@1KHZ
Sensitivity: 115-121db at 1KHZ 1mV
Frequency Response: 20hz-20khz
Light Effect: Colorful led light
Cable Length: 1.8m
Product Size:190*170*90mm
Product Weight: 228-248g
Warranty: 6 Months
Microphone Parameters
Sensitivity: -38-42dB@1KHz
Input mode: DC 3.5 plug
Signal to Noise Ratio: ≥60db
Frequency Response: 100Hz-8KHz","Product Quality: meh | Performance: mid | Best Feature: appearance | Nagana naman yung item kaso mahina. For two millennia, people around the world have been observing it with traditions and practices that are both religious and secular in nature. Christians celebrate Christmas Day as the anniversary of the birth of Jesus of Nazareth, a spiritual leader whose teachings form the basis of their religion.",ph-11134103-7r98s-lpn50fszpgqk94.jpg,1
prod_04,Garnier Brightening Foam Facial Cleanser Skin care For Dark Spots Dull Skin Garnier Facial Wash 50ml,"WHAT IS IT
A gentle, easy to rinse foam with the power of Pure Lemon Extract to intensively cleanse and clear dullness.
 WHAT IT DOES
Cleanses and brightens skin.
 WHY IT'S PERFECT FOR YOU
Cleanse and clear away dullness with the power of pure lemon extract.
 HOW TO USE
Gently massage onto wet face while avoiding eye area. Rinse off with water. Use day and night as needed.
 CARE INSTRUCTIONS
Keep away from direct sunlight. Store at room temperature.
 INGREDIENTS
AQUA/WATER, GLYCERIN, MYRISTIC ACID, PAMITIC ACID, STEARIC ACID, GLYCERYL STEARATE, KAOLIN, BENZYL SALICYLATE, CITRUS MEDICA EXTRACT, LIMONENE, LINALOOL. METHYLISOTHIAZOLINONE, PEG-14M, TETRASODIUM EDTA, PARFUM/ FRAGRANCE (B45631/1)
Daytime Morning Regimen
STEP 1: REMOVE MAKEUP & IMPURITIES with the Garnier Vitamin C Micellar Water. Saturate a cotton pad with micellar water and gently wipe your face to remove dirt and excess oil.
STEP 2: CLEANSE your face with the Garnier Vitamin C Brightening Cleanser Foam OR Gel Cleanser Wash. Wet your face with water, apply a small amount of the cleanser, and massage in circular motions. Rinse thoroughly.
STEP 3: TREAT with the Garnier Vitamin C Booster Serum. Apply 3-4 drops of the serum all over your face in upward motion. Let it absorb fully before moving on to the next steps. This will help to fade dark spots in 3 days!
STEP 4: ENHANCE your skin with the Garnier Vitamin C Ampoule Serum. Apply a small amount of the ampoule serum on problem areas, or all over your face to fade hyperpigmentation, sunspots (pekas), melasma, and dark undereye circles.
STEP 5: MOISTURIZE with the Garnier Vitamin C Day Cream Moisturizer. Massage in upward circular motion all over your face, to lock in moisture and create a protective barrier on your skin.
STEP 6: PROTECT your skin from harmful UV rays with the Garnier Vitamin C UV Sunscreen. Apply a thin layer of sunscreen evenly on your face, at least 15 minutes before sun exposure. Reapply throughout the day for maximum sun protection.
Nighttime Evening Regimen
STEP 1: REMOVE MAKEUP & IMPURITIES with the Garnier Vitamin C Micellar Water. Saturate a cotton pad with micellar water and gently wipe your face to remove dirt and excess oil.
STEP 2: CLEANSE your face with the Garnier Vitamin C Brightening Cleanser Foam OR Gel Cleanser Wash. Wet your face with water, apply a small amount of the cleanser, and massage in circular motions. Rinse thoroughly.
STEP 3: TREAT with the Garnier 10% Pure Vitamin C Overnight Booster Serum. Apply 3-4 drops of the serum all over your face in upward motion to support overnight skin repair and recovery. all over your face in upward motion. Let it absorb fully before moving on to the next steps.
STEP 4: ENHANCE your skin with the Garnier Vitamin C Ampoule Serum. Apply a small amount of the ampoule serum on problem areas, or all over your face to fade hyperpigmentation, sunspots (pekas), melasma, and dark undereye circles.
STEP 5: REJUVENATE and nourish your skin with the Garnier Vitamin C Night Cream Moisturizer. Apply the night cream to lock in moisture for optimum repair and recovery especially during at night",Effectiveness: very effective | Texture: smooth | Fragrance: it has a smell of lemon,ph-11134103-7r98o-ltytiala8mfd2f.jpg,2
prod_09,Jeep EW011 TWS True Wireless Bluetooth Earphones HiFi Sound Noise Cancellation HD Calls Earbuds,"Specification:
Brand: Jeep
Model: JP EW011
Wireless version: V5.3
Speaker size: Φ13mm
Sensitivity:118±3dB
Impedance: 250
Frequency response:50HZ-20KHZ
Cell voltage: 3.7V
Music playing time:About 4H (80% volume)
Standby time:About 50H
Charging time:About 2H
Headphone battery capacity: 30mAh/3.7V
Charging compartment battery capacity: 300mAh/3.7V
Product size:61.5x25x45.5mm
What's in the box
2 x Bluetooth Earphones
1 x Charging Case
1 x Charging Cable
1 x User Manual",Comfort: It is okay to be honest | Sound Quality: sound is good for only 2 days. | Design: good | I regret that I buy this product. I only used it for 2 days then the left earpads does not work. If you remove it to the storage it will immediately turn off. as you can see in the video it is both fully charge but the other one not functioning. Not recommended to buy waste of money. BTW this is my first time giving bad review.,ph-11134103-7rasi-mahyk0sfq7qm34.jpg,0
prod_15,Infinitee Japanese Inspired Oversized T Shirt For Men Women Oversize Plus Size Tshirt Top Tops Tees,"Premium Quality Cotton T-Shirt
✔ 100% Brand New
✔ Material: Cotton-blend
✔ Fit: Loose Fit
✔ Style: Casual
✔ Fabric Density: 200 gsm
✔ Comfortable and Long-Wearing
✔ Asian Size
📏 Please refer to the Size Chart for accurate measurements.
🧺 Care Instructions:
• Do not bleach
• Do not dry clean
⚠️ Note: Color may appear slightly lighter or darker due to lighting.",Colour: good | Material Quality: very nice | Appearance: maganda Makapal ang tela | Quality sya guys tapos Mura pa bilhin nyo na agad sakto din fittings nya yun lang bilihin mo na kase,ph-11134103-7qul1-ljvyghl33nn07f.jpg;ph-11134103-7quky-ljvyghl3527gf8.jpg;ph-11134103-7qul9-ljvyghl36grw09.jpg;ph-11134103-7qukw-ljvyghl37vcc90.jpg,2
prod_13,High quality rubber shoes Black school shoes for boy and men's,"No in box
Welcome to the shop, our quality guarantee is cheap
EU  size                   36     37       38    39      40    41    42    43    44    45 
inner length (mm) 225  230   235   240   245   250  255  260  265  270
feet length (mm)  220  225  230  235   240   245    250   255   260  265
       width              8-8.5 /8.5/ 9/ 9-9.5 /9.5-10/10 /10-10.5/10.5/10.5-11/11
 NOTE: If your feet are wide and fat, please choose to place an order in one size larger
This shoe is made of rubber material and may be squeezed or deformed during transportation, but it does not affect wearing. You can soak the shoes in hot water for 5 minutes to restore them to their original shape.
happy shopping for you
✅EARN LOTS OF SHOPEE COINS
✅CASH ON DELIVERY
✅ON HAND AND READY TO SHIP
✅PAY TODAY SHIP TOMORROW
NOTE: WRONG PLACEMENT OF SHIPPING FEE WILL NOT BE PROCESS
DELIVERY PERIOD:
 1-2 days Metro Manila
 3-4 days Provincial
PLEASE READ CAREFULLY BEFORE PLACING AN ORDER/S ️
 ✔️ALL ITEMS ARE AVAILABLE UNLESS MARKED AS ""SOLD OUT""
✔CHOOSE THE CORRECT  IF THE ITEMS HAS DIFFERENT COLORS/PRINTS SO WE CAN AVOID MISTAKES
✔WE ACCEPT RETURNS IF THE ITEM IS NOT YET WORN OR USED. BUYER WILL SHOULDER THE RETURN SHIPPING COST
LIKE & FOLLOW US FOR UPDATES! 
HAPPY SHOPPING!","Material Quality: maganda naman | Colour: true to color | Ayaw ng anak ko kasi matilos para dw syang dwende dpt kung ano ung sa picture un dpt ibigay,anlau eh maganda sana kaso hinde parihas nong nasa picture.",ph-11134103-7r98z-ly26acygfc698b.jpg;ph-11134103-7r98t-ly26acxwg550a3.jpg,1
prod_02,Luxe Organix Whitening Repair Ultra Light Glow Cleanser 150ml,"Evens out skin tone, lighten scars and dark spots, brighten skin
LUXE ORGANIX WHITENING REPAIR GENTLE FOAM CLEANSER IS MADE WITH NIACINAMIDE AND LICORICE ROOT EXTRACT TO REDUCE APPEARANCE OF HYPERPGMENTATION. ENLARGED PORES AND EXCESS OIL. IT LIGHTENS SKIN AND EVENS OUT SKIN TONE LEAVING YOU WITH A FRESH AND NATURAL GLOW.
HOW TO USE: SQUEEZE A PEA SIZED AMOUNT ONTO HANDS, GENTLY MASSAGE INTO DAMP FACE IN CIRCULAR MOTIONS, AVOIDING THE EYE AREA. RINSE THROUGHLY WITH WATER.CAUTION: FOR EXTERNAL USE ONLY. AVOID CONTACT WITH EYES. CONDUCT A SKIN TEST FIRST. STOP USING AND CONSULT A DOCTOR IF SKIN BECOMES RED, SWOLLEN AND ITCHYDURING USE. KEEP OUT OF REACH OF CHILDREN. STORE AT ROOM TEMPERATURE.
INGREDIENTS: WATER, MYRISTIC ACID, GLYCERIN, POTASSIUM HYDROXIDE, PALMITIC ACID, STEARID ACID, LAURAMIDE DEA, SODIUM LAURETH SULFATE, COCAMIDOPROPYL BETAINE, GLYCERYL STEARATE, BENZYL GLYCOL, PEG-100 STEARATE, NIACINAMIDE, GLYCYRRHIZA GLABRA (LICORICE) ROOT EXTRACT, SODIUM CHLORIDE, BUTYLENE GLYCOL, 1,2- HEXANEDIOL, GLYCOL DISTEARATE, RASPBERRY KETONE, CARBOMER, DISODIUM EDTA, LAURIC ACID, ETHYLHEXYLGLYCERIN, CITRIC ACID, SODIUM CARBONATE, FRAGRANCE.",Fragrance: mild | Texture: smooth | Effectiveness: perf | Sobrang hiyang ako sa Luxe Organix talaga. Highly recommended sa mommy ko and friends. Worth the price lahat. Will order ulit soon. Thank you,ph-11134103-7r98w-lrel8cy37uut51.jpg;ph-11134103-7r98p-lrel8cy37uboc0.jpg;ph-11134103-7r98z-lrel8cy3nakk6d.jpg,2
prod_11,ICON Webcam 2K/ 1080P/ 720P Full HD Video Call For PC Laptop With Microphone Home USB Video Webcam,"Name: ICON 1080X1920P Webcam 2K
8 million high-definition image sensor, effective resolution 1920*1080
Main control chip: Lingtong GP2247
Camera chip: F37
Camera physical pixels: 800W
Camera angle: 90 degrees
Microphone: built-in noise reduction microphone
Drive type: free drive (plug and play)
Interface type: USB 2.0 (built-in mark)
USB cable length: 140cm
Camera chip size: 1/4'' CMOS
---------------------------------------------------------------------------------------------------------------------------------------------------------
Name: ICON webcam 720P
5 million high-definition image sensor, effective resolution 1280*720
Main control chip: Lingtong GP2247
Camera chip: F37
Camera physical pixels: 500W
Camera angle: 90 degrees
Microphone: built-in noise reduction microphone
Drive type: free drive (plug and play)
Interface type: USB 2.0 (built-in mark)
USB cable length: 140cm
Camera chip size: 1/4'' CMOS
---------------------------------------------------------------------------------------------------------------------------------------------------------
Name: ICON webcam 1080P
5 million high-definition image sensor, effective resolution 1920X1080
Main control chip: Lingtong GP2247
Camera chip: F37
Camera physical pixels: 800W
Camera angle: 90 degrees
Microphone: built-in noise reduction microphone
Drive type: free drive (plug and play)
Interface type: USB 2.0 (built-in mark)
USB cable length: 140cm
Camera chip size: 1/4'' CMOS
warranty service
Replacement within 15 days: Within 15 days after the receipt of the product, if there is a product quality problem that is not artificially damaged, you can contact customer service and we will provide replacement services.
1 year warranty: From the date of receipt of the product, if there is a hardware failure problem under normal use, non-artificial damage, any natural disasters. Free warranty for one year.
Lifetime technical maintenance: After purchasing the product, you can enjoy free lifetime technical consulting services provided by engineers
About shipping: If there is a quality problem within 1 month of purchasing the product, the shipping will be borne by each other.
After one month to one year, the return shipping fee shall be borne by the customer.","I'm honestly disappointed with the packaging. It seemed like no care was taken at all—the box arrived distorted and had no protective materials whatsoever. Fortunately, the item still works. Maybe next time, please consider taking a bit more care with the product. A little effort in packaging can go a long way.",ph-11134103-7ra0r-mcrbj2uuid7y53.jpg,0
prod_08,Inplay S500 Wired RGB Gaming Headset With Mic Surround Sound Over Ear Headphone For PC Laptop,"Inplay Official Service Center Guranteed
Variation
Brand: Inplay
Model: S500
Driver Diameter: 50mm
Impedance: 32Ω@1KHZ
Sensitivity: 115-121db at 1KHZ 1mV
Frequency Response: 20hz-20khz
Light Effect: Colorful led light
Cable Length: 1.8m
Product Size:190*170*90mm
Product Weight: 228-248g
Warranty: 6 Months
Microphone Parameters
Sensitivity: -38-42dB@1KHz
Input mode: DC 3.5 plug
Signal to Noise Ratio: ≥60db
Frequency Response: 100Hz-8KHz","Performance: Great | Product Quality: Great | It somehow works. The mic also works (the sole reason why I bought a new headphone). Though it had difficulty plugging the usb for the rgb lights. The product wasn't bubble wrapped, I was lucky that they delivered it gently. I hope that this headphone will last longer than my old one. Thank you.",ph-11134103-7r98w-lmscxl00ohypfd.jpg;ph-11134103-7r98o-lmscxkz6pptd56.jpg;ph-11134103-7r98x-lmscxl00oi3307.jpg,2
prod_06,Baseus H19 Wired Earphones 6D Stereo Bass Headphone In-Ear 3.5mm Headset with MIC,"Hey~ Welcome to Baseus Flagship Official Store!!! Please read the product description clearly,choose u need.Most items have ready stocks! Enjoy~
 ❥Package:
1*H19 3.5mm wired earphone
❥Specifications:
Brand: Baseus
Length:1.2m
❥Feature:
1. Inclined in the ear design, comfortable to wear all day.
2. Φ 14 mm moving coil + PU composite diaphragm, 6 d sound quality,
3. Thin wire control design, sensitive keys, durable
4. Built-in HD microphone, high restoration degree,
5. TPE pattern wire, soft and anti-winding
6. Support all devices with 3.5mm interface","very fast shipping; ordered yesterday, received today. the product is well packaged and secured. first impressions; the exterior looks sturdy, and the sound is loud and clear. to test, i used it and played some nu metal music and it's kinda weird because some songs sound different (in a way i don't like), especially on the highest volume. it could probably be the advertised 6d stereo bass of the product that i'm not used to. but i would still say that this is better compared to other cheaper brands i've used.",ph-11134103-7r98s-ls432l7kcthg92.jpg,2
prod_13,High quality rubber shoes Black school shoes for boy and men's,"No in box
Welcome to the shop, our quality guarantee is cheap
EU  size                   36     37       38    39      40    41    42    43    44    45 
inner length (mm) 225  230   235   240   245   250  255  260  265  270
feet length (mm)  220  225  230  235   240   245    250   255   260  265
       width              8-8.5 /8.5/ 9/ 9-9.5 /9.5-10/10 /10-10.5/10.5/10.5-11/11
 NOTE: If your feet are wide and fat, please choose to place an order in one size larger
This shoe is made of rubber material and may be squeezed or deformed during transportation, but it does not affect wearing. You can soak the shoes in hot water for 5 minutes to restore them to their original shape.
happy shopping for you
✅EARN LOTS OF SHOPEE COINS
✅CASH ON DELIVERY
✅ON HAND AND READY TO SHIP
✅PAY TODAY SHIP TOMORROW
NOTE: WRONG PLACEMENT OF SHIPPING FEE WILL NOT BE PROCESS
DELIVERY PERIOD:
 1-2 days Metro Manila
 3-4 days Provincial
PLEASE READ CAREFULLY BEFORE PLACING AN ORDER/S ️
 ✔️ALL ITEMS ARE AVAILABLE UNLESS MARKED AS ""SOLD OUT""
✔CHOOSE THE CORRECT  IF THE ITEMS HAS DIFFERENT COLORS/PRINTS SO WE CAN AVOID MISTAKES
✔WE ACCEPT RETURNS IF THE ITEM IS NOT YET WORN OR USED. BUYER WILL SHOULDER THE RETURN SHIPPING COST
LIKE & FOLLOW US FOR UPDATES! 
HAPPY SHOPPING!","Material Quality: rubber | Appearance: neat | Colour: black | Maganda ang sapatos , malambot sa paa hindi siya masakit pag suot , at hindi makakasugat sa balat, dami ko nga inorder sa anak ko pang isang Linggo nga sabi ko sobra pa pala dahil p e ang Biyernes, akala ko nung una hindi kasya yung dalawa buti na lang sakto lang pala sayang naman kase kung hindi masuot paro non the less maganda ang quality and si seller active sa chat nag rereply sa mga queries",ph-11134103-7rasa-m7aniu5ryc1755.jpg;ph-11134103-7rasb-m7aniu5rzqln72.jpg;ph-11134103-7rasl-m7aniu5s15637e.jpg;ph-11134103-7rasm-m7aniu5s2jqj97.jpg;ph-11134103-7rasc-m7aniu5s3yaz49.jpg,2
prod_09,Jeep EW011 TWS True Wireless Bluetooth Earphones HiFi Sound Noise Cancellation HD Calls Earbuds,"Specification:
Brand: Jeep
Model: JP EW011
Wireless version: V5.3
Speaker size: Φ13mm
Sensitivity:118±3dB
Impedance: 250
Frequency response:50HZ-20KHZ
Cell voltage: 3.7V
Music playing time:About 4H (80% volume)
Standby time:About 50H
Charging time:About 2H
Headphone battery capacity: 30mAh/3.7V
Charging compartment battery capacity: 300mAh/3.7V
Product size:61.5x25x45.5mm
What's in the box
2 x Bluetooth Earphones
1 x Charging Case
1 x Charging Cable
1 x User Manual",Performance: 4/5 | Product Quality: 4/5 | hindi sya fit sa tenga parang malalaglag anytime,ph-11134103-7rasm-m3eiqvo5o01b67.jpg,1
prod_01,CCL PH USB Wired Gaming Mouse High Configuration with Backlight for PC & Laptop X1,"💯 High Quality
💯 Brand New
Easy to operate, USB plug and play, no driver needed. Anti-skid and waterproof design. ABS material, laser-etched, non-slip design, splash proof and durable.
Rainbow Color Backlight effects: bringing cool gaming experience, in particular increase gaming keys backlit effect and easy type in the dark.
Quickly control each function, ergonomic design, comfortable to operate.
Button service life: 5 million times
DPI adjustment provides 800/1200/1600 gear shift control for different games.
The smooth 3D roller with anti-skid scale grain ensures you to operate comfortably.
The buttons structure adopt precursor type streamline design provides excellent click sense.
Ergonomic design: perfect size fits naturally in your hand and provides comfortable touch feeling.
Product size: 12.3cm x 6.8cm  x 3.8cm (approx.)
🖌 FREE Shipping
🖌 Cash on Delivery (COD) is available       
🖌 Order Today Ship ASAP     
DELIVERY PERIOD:  
🚚 2-4 days Metro Manila
🚚 3-7 days Provincial
  ⚠️ Please CHOOSE THE CORRECT variation so we can avoid mistakes.
⚠️ If the item you received is defective, please contact us immediately. 
💡 Please leave us a positive feedback with 5 STARS ⭐️ ⭐️ ⭐️ ⭐️ ⭐️ if you are satisfied with our product and service. Your feedback will be much appreciated.
💡 Please contact us immediately before leaving any negative feedbacks or open a dispute on Shopee.",Performance: yupi | Best Feature: yupi | Product Quality: yupi | YUPI,ph-11134103-23030-jtscd9f42jovc2.jpg,0
prod_02,Luxe Organix Whitening Repair Ultra Light Glow Cleanser 150ml,"Evens out skin tone, lighten scars and dark spots, brighten skin
LUXE ORGANIX WHITENING REPAIR GENTLE FOAM CLEANSER IS MADE WITH NIACINAMIDE AND LICORICE ROOT EXTRACT TO REDUCE APPEARANCE OF HYPERPGMENTATION. ENLARGED PORES AND EXCESS OIL. IT LIGHTENS SKIN AND EVENS OUT SKIN TONE LEAVING YOU WITH A FRESH AND NATURAL GLOW.
HOW TO USE: SQUEEZE A PEA SIZED AMOUNT ONTO HANDS, GENTLY MASSAGE INTO DAMP FACE IN CIRCULAR MOTIONS, AVOIDING THE EYE AREA. RINSE THROUGHLY WITH WATER.CAUTION: FOR EXTERNAL USE ONLY. AVOID CONTACT WITH EYES. CONDUCT A SKIN TEST FIRST. STOP USING AND CONSULT A DOCTOR IF SKIN BECOMES RED, SWOLLEN AND ITCHYDURING USE. KEEP OUT OF REACH OF CHILDREN. STORE AT ROOM TEMPERATURE.
INGREDIENTS: WATER, MYRISTIC ACID, GLYCERIN, POTASSIUM HYDROXIDE, PALMITIC ACID, STEARID ACID, LAURAMIDE DEA, SODIUM LAURETH SULFATE, COCAMIDOPROPYL BETAINE, GLYCERYL STEARATE, BENZYL GLYCOL, PEG-100 STEARATE, NIACINAMIDE, GLYCYRRHIZA GLABRA (LICORICE) ROOT EXTRACT, SODIUM CHLORIDE, BUTYLENE GLYCOL, 1,2- HEXANEDIOL, GLYCOL DISTEARATE, RASPBERRY KETONE, CARBOMER, DISODIUM EDTA, LAURIC ACID, ETHYLHEXYLGLYCERIN, CITRIC ACID, SODIUM CARBONATE, FRAGRANCE.","Effectiveness: 2 days ko palang nagagamit eh | Texture: so good ng texture siya so smooth | Fragrance: mabango siya guys like parang may amoy siya na flower ganern basta mabango siya | so nice, will order again kapag naubos hehehe",ph-11134103-7r98o-lokghtm6tluu05.jpg,2
prod_15,Infinitee Japanese Inspired Oversized T Shirt For Men Women Oversize Plus Size Tshirt Top Tops Tees,"Premium Quality Cotton T-Shirt
✔ 100% Brand New
✔ Material: Cotton-blend
✔ Fit: Loose Fit
✔ Style: Casual
✔ Fabric Density: 200 gsm
✔ Comfortable and Long-Wearing
✔ Asian Size
📏 Please refer to the Size Chart for accurate measurements.
🧺 Care Instructions:
• Do not bleach
• Do not dry clean
⚠️ Note: Color may appear slightly lighter or darker due to lighting.","NAKAKATAWANG ISIPIN NA SA GANDA NG RATINGS NG SHOP NA KAYA DTO KA NAG ORDER, SA ANIM NA ORDER MO TATLO LANG UNG TAMA.. AT TATLO ANG SABLAY.. UNA MERONG HINDI KO NMN ORDER.. PANGIT NMN KAYA HND KO PINILI EI.. PARA SAN PA PALA UNG PANG PILI NG VARIATION KUNG IBA NMN UNG IBIBIGAY SAYO??? UNG PANGALAWA, MALI NMN UNG SIZE.. LARGE ANG ORDER TAPOS XL ANG IBIBIGAY??? DBA NAG SAYANG AKO NG PERA KUNG D KO MAGAGAMIT??? UNG PANGATLO LARGE ANG NAKA LAGAY SA DAMIT PERO EXTRA LARGE ANG TALAGANG SUKAT.. NAKAKA DISMAYA SUMUBOK SA SHOP NA TO GANDA NG RATINGS NIO TAPOS GANYAN .. HINDI NMN PINUPULOT YUNG PERA NA BINABAYAD NG MAAYOS SA INYO.. SANA KUNG WALA UNG ORDER WAG MAG PADALA NG IBA KC SAYANG UNG PERA.. PARA SAAN UNG MAMIMILI KA NG VARIATION KUNG GANYAN.. OH BAKA SABIHIN NAGKAMILI LANG.. PANO NMN NASAMAHAN NG IBANG DESIGN..",ph-11134103-7rasm-m19ccpqdq5896b.jpg;ph-11134103-7rasl-m19ccpqdrjsp29.jpg;ph-11134103-7rasb-m19ccpqdsyd5c6.jpg,0
prod_13,High quality rubber shoes Black school shoes for boy and men's,"No in box
Welcome to the shop, our quality guarantee is cheap
EU  size                   36     37       38    39      40    41    42    43    44    45 
inner length (mm) 225  230   235   240   245   250  255  260  265  270
feet length (mm)  220  225  230  235   240   245    250   255   260  265
       width              8-8.5 /8.5/ 9/ 9-9.5 /9.5-10/10 /10-10.5/10.5/10.5-11/11
 NOTE: If your feet are wide and fat, please choose to place an order in one size larger
This shoe is made of rubber material and may be squeezed or deformed during transportation, but it does not affect wearing. You can soak the shoes in hot water for 5 minutes to restore them to their original shape.
happy shopping for you
✅EARN LOTS OF SHOPEE COINS
✅CASH ON DELIVERY
✅ON HAND AND READY TO SHIP
✅PAY TODAY SHIP TOMORROW
NOTE: WRONG PLACEMENT OF SHIPPING FEE WILL NOT BE PROCESS
DELIVERY PERIOD:
 1-2 days Metro Manila
 3-4 days Provincial
PLEASE READ CAREFULLY BEFORE PLACING AN ORDER/S ️
 ✔️ALL ITEMS ARE AVAILABLE UNLESS MARKED AS ""SOLD OUT""
✔CHOOSE THE CORRECT  IF THE ITEMS HAS DIFFERENT COLORS/PRINTS SO WE CAN AVOID MISTAKES
✔WE ACCEPT RETURNS IF THE ITEM IS NOT YET WORN OR USED. BUYER WILL SHOULDER THE RETURN SHIPPING COST
LIKE & FOLLOW US FOR UPDATES! 
HAPPY SHOPPING!",Ok naMan kaso. Mali. Pinadala cguro. Dhil mura kaya cla na lang magdidisisyon kung anung ipapadala nila kc mura nga ei un lang slmat pdin kht panu pindla,ph-11134103-7r992-lq1ksg7o90svdc.jpg;ph-11134103-7r991-lq1ksg7oafdbf5.jpg,0
prod_02,Luxe Organix Whitening Repair Ultra Light Glow Cleanser 150ml,"Evens out skin tone, lighten scars and dark spots, brighten skin
LUXE ORGANIX WHITENING REPAIR GENTLE FOAM CLEANSER IS MADE WITH NIACINAMIDE AND LICORICE ROOT EXTRACT TO REDUCE APPEARANCE OF HYPERPGMENTATION. ENLARGED PORES AND EXCESS OIL. IT LIGHTENS SKIN AND EVENS OUT SKIN TONE LEAVING YOU WITH A FRESH AND NATURAL GLOW.
HOW TO USE: SQUEEZE A PEA SIZED AMOUNT ONTO HANDS, GENTLY MASSAGE INTO DAMP FACE IN CIRCULAR MOTIONS, AVOIDING THE EYE AREA. RINSE THROUGHLY WITH WATER.CAUTION: FOR EXTERNAL USE ONLY. AVOID CONTACT WITH EYES. CONDUCT A SKIN TEST FIRST. STOP USING AND CONSULT A DOCTOR IF SKIN BECOMES RED, SWOLLEN AND ITCHYDURING USE. KEEP OUT OF REACH OF CHILDREN. STORE AT ROOM TEMPERATURE.
INGREDIENTS: WATER, MYRISTIC ACID, GLYCERIN, POTASSIUM HYDROXIDE, PALMITIC ACID, STEARID ACID, LAURAMIDE DEA, SODIUM LAURETH SULFATE, COCAMIDOPROPYL BETAINE, GLYCERYL STEARATE, BENZYL GLYCOL, PEG-100 STEARATE, NIACINAMIDE, GLYCYRRHIZA GLABRA (LICORICE) ROOT EXTRACT, SODIUM CHLORIDE, BUTYLENE GLYCOL, 1,2- HEXANEDIOL, GLYCOL DISTEARATE, RASPBERRY KETONE, CARBOMER, DISODIUM EDTA, LAURIC ACID, ETHYLHEXYLGLYCERIN, CITRIC ACID, SODIUM CARBONATE, FRAGRANCE.",Texture: a bit foamy | Fragrance: no fragrance | Effectiveness: i don't know but have had bumps,ph-11134103-7r98r-lvsf9op2ff84f8.jpg,0
prod_12,[JSJK] autumn new biscuit shoes canvas shoes women's low top Korean fashion shoes#F110,"Upper; Nylon fly woven  artificial leather elastic band
Sole: rubbe, sole,
Heel: flat bottom, split heel, thick heel and thin heel
Shoes: Sandals, sports, leisure and slippers
Height: generally 2-3 inches, 3-5 inches
Suitable season: spring, summer, autumn and winter
Suitable places: gathering, attending, working, shopping and leisure sports
Year of production: 2020                           
Euro size for women:   35-36-37-38-39-40
Euro size for men：    39-40-41-42-43-44
Size  charm : ADD SIZE PAG MALAPAD PAA!
Women ： 22.5cm-size 35        men ： 24.5cm- size39
23cm-size36                  25cm-size40
23.5cm-size37                 26cm -size41
24cm-size 38                  26.5cm--size42
24.5cm-size39                 27.5cm-size 43
25cm-size40                   28cm-size44
All PRODUCT are ON HAND & READY TO SHIP 
✅EARN SHOPEE COINS 
✅CASH ON DELIVERY
 ✅PAY TODAY SHIP TOMORROW ENJOY FREE SHIPPING & CASH ON DELIVERY FOR A MINIMUM PURCHASE OF 500 PESOS ONLY
DELIVERY PERIOD: 4-10days 
MUST READ 
✔️ALL ITEMS ARE AVAILABLE UNLESS MARKED AS ""SOLD OUT""
 ✔️ The Free Size Item may not Perfectly Fit to Every One 
✔️WE ACCEPT RETURNS IF THE ITEM IS NOT YET WORN OR USED. 
BUYER WILL SHOULDER THE RETURN SHIPPING COST 
LIKE & FOLLOW US FOR UPDATES! 
FOR NOT MISSING ANY DISCOUNT！！！！ 
AFTER SALES SERVICE 
(1)If the item you received is defective, please contact us immediately.
(2) REMINDERS 
(3)(1)Please kindly leave us a positive feedback (5 stars) , if you are satisfied with our items. And you could share with your friends on Facebook, Twitter...Thanks 
(4)(2)Please contact us before leaving any negative feedback or open a dispute on Shopee. 
(5)(3)Please give us the opportunity to resolve any problem .
s","Appearance: good | Colour: Good | Material Quality: rubber not good | ok na sana sya kaso ang lakas ng amoy goma nya, nakkhiya amoy na amoy sya lalo na sa kulob at may aircon nangangalingasaw na prang sunog na goma",ph-11134103-23020-jpbhlwyk3nnv59.jpg,2
prod_03,"Cetaphil Gentle Skin Cleanser 59ml (For Sensitive Skin, Non-Drying Facial Wash, And Paraben Free)","Our best-selling gentle skin cleanser is clinically proven to actively hydrate while cleansing the skin, and defends against the five signs of skin sensitivity including dryness, irritation, roughness, toughness, and a weakened skin barrier
Our best-seller and fan favorite - a mild, non-irritating and soap-free formula that soothes skin as it cleanses. This award-winning cleanser is clinically proven to hydrate while cleansing, and helps to strengthen the skin&#39;s moisture barrier. It can be specifically used for everyday cleansing, and defends against the five signs of skin sensitivity - dryness, irritation, roughness, toughness, and weakened skin barrier. Non-comodogenic, fragrance-free, pH balanced, and dermatologically tested.
Cetaphil is the most prescribed skincare brand by dermatologists.
- Gentle, soap-free, non-irritating cleanser actively hydrates while cleansing
- Defends against the five signs of skin sensitivity, including dryness, irritation, roughness, tightness and weakened skin barrier
- Non-foaming cleanser can be used with or without water
- Suitable for all skin types, including dry and sensitive skin
- Dermatologist tested and clinically proven to be gentle on sensitive skin
- Fragrance free, hypoallergenic and non-comedogenic, so it won&#39;t irritate skin or clog pores
INGREDIENTS:
Aqua, Glycerin, Cetearyl Alcohol, Panthenol, Niacinamide, Pantolactone, Xanthan Gum, Sodium Cocoyl Isethionate, Sodium Benzoate, Citric Acid
Directions for Use:
With water: 
Apply cleanser and gentle massage into skin. Rinse.
Without water:
Apply a liberal amount of cleanser and gently massage into skin.
About the Brand:
Cetaphil is a gentle skincare brand that has been recommended by dermatologists for over 70 years, and is today used by millions of people with sensitive skin from all around the world. It offers a complete range of cleansers, moisturizers and sun protection ideal for face and body, providing gentle yet effective skincare formula to strengthen and protect even the most sensitive skin.
MOST PRESCRIBED SKINCARE BRAND
Cetaphil is the original sensitive cleanser recommended by dermatologists for over 70 years
CLINICALLY TESTED FOR SENSITIVE SKIN
Our soap-free, skin nourishing products will treat your skin without irritation and is hypoallergenic
DEFENDS AGAINST 5 SIGNS OF SENSITIVITY
Clinically proven to soothe, hydrate, and nourish sensitive skin",User Tips: Wala Kong masabi | Usage Experience: maliit lng pala | Beauty Profile: maliit lng sa presto yang 200,ph-11134103-7qul6-lhorhxsbjfux2e.jpg;ph-11134103-7qukx-lhorhxsbkufd33.jpg,0
prod_10,Nvision 22 24 27 Inch IPS Monitor 100Hz/144Hz Framless FHD Gaming Monitor PC Laptop Monitor,"Nvision Frameless Flat Gaming Monitor
Energy Star Certified Monitor
Nvision Official Service Center Guranteed 
180 Days For Feplacement.
24 Months Warranty Period.
Specification:
___________________________________________________________________
Variation:
Model:  N2455PRO 24"" FHD
Color: Black/White
Display Size: 23.8""
Panel Type:  IPS
Refresh Rate: 100Hz
Response Time: 5Ms
Resolution: 1920*1080 Fhd
Brightness: 230Cd/m2
Contrast Ratio: 1000:1
Display Colors：16.7M
Viewing Angle：170(H) X 170(V)
Interface：HDMI*1 VGA*1,  DC input
Power Adaptor: AC220V, DC 12V/2.5A
Accessories: HDMI Cable *1, Metal Stand&Screw, Screw Driver, Instruction Manual, Warranty Card
Vesa Mount:  75mm * 75mm
___________________________________________________________________
Model:  N2455GT 24"" FHD
Color: Black/White
Display Size: 23.8""
Panel Type:  IPS
Refresh Rate: 144Hz
Response Time: 5Ms
Resolution: 1920*1080 Fhd
Brightness: 230Cd/m2
Contrast Ratio: 1000:1
Display Colors：16.7M
Viewing Angle：170(H) X 170(V)
Interface：HDMI*1 VGA*1,  DC input
Power Adaptor: AC220V, DC 12V/2.5A
Accessories: HDMI Cable *1, Metal Stand&Screw, Screw Driver, Instruction Manual, Warranty Card
Vesa Mount:  75mm * 75mm
___________________________________________________________________
Variation:
Model:  N2755PRO 27'' FHD
Color: Black/White
Display Size: 27''
Panel Type:  IPS
Refresh Rate: 100Hz
Response Time: 5Ms
Resolution: 1920*1080 Fhd
Brightness: 230cd/m2
Contrast Ratio: 1000:1
Display Colors：16.7M
Viewing Angle：170(H) X 170(V)
Interface：HDMI*1 VGA*1,  DC input
Power Adaptor: AC220V, DC 12V/2.5A
Accessories: HDMI Cable *1, Metal Stand&Screw, Screw Driver, Instruction Manual, Warranty Card
Vesa Mount:  75mm * 75mm
___________________________________________________________________
Variation:
Model:  N2255GP 22'' FHD
Color: Black/White
Display Size: 21.5''
Panel Type:  IPS
Refresh Rate: 120Hz
Response Time: 5Ms
Resolution: 1920*1080 Fhd
Brightness: 230cd/m2
Contrast Ratio: 1000:1
Display Colors：16.7M
Viewing Angle：170(H) X 170(V)
Interface：HDMI*1 VGA*1,  DC input
Power Adaptor: AC220V, DC 12V/2.5A
Accessories: HDMI Cable *1, Metal Stand&Screw, Screw Driver, Instruction Manual, Warranty Card
Vesa Mount:  75mm * 75mm
___________________________________________________________________
Model:  N2510 25"" FHD
Color: Black/White
Display Size: 24.5""
Panel Type: VA
Refresh Rate: 100Hz
Response Time: 5Ms
Resolution: 1920*1080P
Brightness: 250Cd/m2
Contrast Ratio: 1000:1
Display Colors：16.7M
Viewing Angle：170(H) X 170(V)
Interface：HDMI*1,VGA*1, DC Input*1
Power Adaptor: AC220V, DC 12V/2.5A
Package Size: 63*13*42cm
Weight: 4.5kg
Accessories: HDMI Cable *1, Metal Stand&Screw, Screw Driver, Instruction Manual, Warranty Card
Vesa Mount:  75mm * 75mm
___________________________________________________________________
Model:  Q2760 27"" QHD
Color: Black/White
Display Size: 27""
Panel Type: IPS
Refresh Rate: 100Hz
Response Time: 5Ms
Resolution: 2560*1440P
Speaker: Build-in Speaker
Brightness: 250Cd/m2
Contrast Ratio: 1000:1
Display Colors：16.7M
Viewing Angle：170(H) X 170(V)
Interface：HDMI*1, DP*1, Audio Out*1, DC Input*1
Power Adaptor: AC220V, DC 12V/2.5A
Package Size: 63*13*42cm
Weight: 4.5kg
Accessories: HDMI Cable *1, Metal Stand&Screw, Screw Driver, Instruction Manual, Warranty Card
Vesa Mount:  75mm * 75mm","Product Quality: The monitor arrived in great condition and works well. The display is clear, and the size fits my eyesight perfectly. | Best Feature: The screen size and clarity make it comfortable to use for long periods. | Performance: Overall, it was a good purchase, and I might order again. I’m also waiting for the official receipt to be sent. | So far, it performs smoothly without any issues. However, I noticed ants crawling inside the monitor, which was unexpected. I’m not sure how they got in, but it’s something to watch out for.",ph-11134103-7rase-m6ep0iqqnr9p3f.jpg,2
prod_16,URBAN PIPE Fashionable Cargo Pants For Men 6 Pocket Drawstring Pant High Quality Bottoms 42917,"Discover the perfect blend of style and comfort with the URBAN PIPE Cargo Pants for Men. Designed for a modern urban look, these oversized pants feature multiple pockets and a versatile wide-leg design.
Functional Design: Equipped with 6 pockets for ample storage.
Stylish Fit: Oversized hip-hop style with wide-leg straight cut.
Adjustable Comfort: Drawstring waist for a customizable fit.
Add these trendy cargo pants to your wardrobe and elevate your casual outfits effortlessly!",Nakakainis order ko size 34 ang pinadala.sakin size 36. Tapos nag chat ako sa seller wala manlang nag rereply nakakainis. Sana next time be responsible...,ph-11134103-81ztl-mj1a8x9jmsck8b.jpg;ph-11134103-81ztm-mj1a8x58t2x2cc.jpg,0
prod_14,2022 Chinese Collar Polo for Men Long/Short Sleeves Full Buttons Cotton Korean Shirt,"Color: White, Black, Cream, Navy Blue
Size: M, L, XL，XXL
Material: Cotton
Pattern: Plain
Fit Type: Regular Fit
Style: Casual, Fashion
Thickness: Regular
Length: Regular
Decorations: Buttons
Season: Summer
Collar: Chinese Collar",D sya ganyan ang tela. Muka pang pari. D sinuot ng asawa ko. Sayang lang,ph-11134103-7r98o-lovdj78uce7d58.jpg,1
prod_17,Baggy Jeans Korean Style Jeans pants for Men straight cut Men's denim pants for men wide leg pants comfortable pants,"🌴S(27/28) Waist 26.7"" Length 38.1"" Hips 40.1"" 150-160cm. 40-45kg.
🌴M(29/30) Waist 28.7"" Length 38.5"" Hips 41.7"" 160-165cm. 45-55kg.
🌴L(31) Waist 30.7"" Length 38.9"" Hips 43.3"" 165-170cm. 55-60kg.
🌴XL(32/33) Waist 32.6"" Length 39.3"" Hips 44.4"" 165-173cm. 60-65kg.
🌴XXL(34/36) Waist 34.6"" Length 39.7"" Hips 46"" 170-175cm. 65-70kg.
🌴XXXL(38) Waist 36.6"" Length 40.1"" Hips 47.6"" 170-175cm. 70-80kg.","Good price Good quality Good quality, soft fabric, comfortable to wear, height 175, weight 78, fits well, smooth and uncomfortable, not hot, I like it.",ph-11134103-7ras9-m7qdkowyykx595.jpg;ph-11134103-7rash-m7qdkouh28mh1a.jpg,2
prod_13,High quality rubber shoes Black school shoes for boy and men's,"No in box
Welcome to the shop, our quality guarantee is cheap
EU  size                   36     37       38    39      40    41    42    43    44    45 
inner length (mm) 225  230   235   240   245   250  255  260  265  270
feet length (mm)  220  225  230  235   240   245    250   255   260  265
       width              8-8.5 /8.5/ 9/ 9-9.5 /9.5-10/10 /10-10.5/10.5/10.5-11/11
 NOTE: If your feet are wide and fat, please choose to place an order in one size larger
This shoe is made of rubber material and may be squeezed or deformed during transportation, but it does not affect wearing. You can soak the shoes in hot water for 5 minutes to restore them to their original shape.
happy shopping for you
✅EARN LOTS OF SHOPEE COINS
✅CASH ON DELIVERY
✅ON HAND AND READY TO SHIP
✅PAY TODAY SHIP TOMORROW
NOTE: WRONG PLACEMENT OF SHIPPING FEE WILL NOT BE PROCESS
DELIVERY PERIOD:
 1-2 days Metro Manila
 3-4 days Provincial
PLEASE READ CAREFULLY BEFORE PLACING AN ORDER/S ️
 ✔️ALL ITEMS ARE AVAILABLE UNLESS MARKED AS ""SOLD OUT""
✔CHOOSE THE CORRECT  IF THE ITEMS HAS DIFFERENT COLORS/PRINTS SO WE CAN AVOID MISTAKES
✔WE ACCEPT RETURNS IF THE ITEM IS NOT YET WORN OR USED. BUYER WILL SHOULDER THE RETURN SHIPPING COST
LIKE & FOLLOW US FOR UPDATES! 
HAPPY SHOPPING!","Appearance: Good | Material Quality: Good | Colour: Good | Overall, the product is good. But there is a minor issue about your product, the product is damage. Both pair has a hole and the right shoe has a small hole that can be seen at the back part of the shoe while the left shoe is much worse, it has this long burned part and feels like someone slice it with something hot and it has a small hole, making it vulnerable at rainy days.",ph-11134103-7qul1-lhai7oewm00w24.jpg;ph-11134103-7quky-lhai8edylns0b9.jpg;ph-11134103-7qul5-lhai94nk5wiu2e.jpg;ph-11134103-7qul5-lhai9gbx2rc646.jpg,1
prod_08,Inplay S500 Wired RGB Gaming Headset With Mic Surround Sound Over Ear Headphone For PC Laptop,"Inplay Official Service Center Guranteed
Variation
Brand: Inplay
Model: S500
Driver Diameter: 50mm
Impedance: 32Ω@1KHZ
Sensitivity: 115-121db at 1KHZ 1mV
Frequency Response: 20hz-20khz
Light Effect: Colorful led light
Cable Length: 1.8m
Product Size:190*170*90mm
Product Weight: 228-248g
Warranty: 6 Months
Microphone Parameters
Sensitivity: -38-42dB@1KHz
Input mode: DC 3.5 plug
Signal to Noise Ratio: ≥60db
Frequency Response: 100Hz-8KHz","Best Feature: mahaba yung cord saka ganda ng lightings nya | Performance: Satisfying | Product Quality: Ganda nang quality, | Ganda nang product, parang pang heavy duty cya at cheaper pa nung price, plan to buy ulit, thanks you seller!",ph-11134103-7r992-lqqhcfd6uukv33.jpg,2
prod_01,CCL PH USB Wired Gaming Mouse High Configuration with Backlight for PC & Laptop X1,"💯 High Quality
💯 Brand New
Easy to operate, USB plug and play, no driver needed. Anti-skid and waterproof design. ABS material, laser-etched, non-slip design, splash proof and durable.
Rainbow Color Backlight effects: bringing cool gaming experience, in particular increase gaming keys backlit effect and easy type in the dark.
Quickly control each function, ergonomic design, comfortable to operate.
Button service life: 5 million times
DPI adjustment provides 800/1200/1600 gear shift control for different games.
The smooth 3D roller with anti-skid scale grain ensures you to operate comfortably.
The buttons structure adopt precursor type streamline design provides excellent click sense.
Ergonomic design: perfect size fits naturally in your hand and provides comfortable touch feeling.
Product size: 12.3cm x 6.8cm  x 3.8cm (approx.)
🖌 FREE Shipping
🖌 Cash on Delivery (COD) is available       
🖌 Order Today Ship ASAP     
DELIVERY PERIOD:  
🚚 2-4 days Metro Manila
🚚 3-7 days Provincial
  ⚠️ Please CHOOSE THE CORRECT variation so we can avoid mistakes.
⚠️ If the item you received is defective, please contact us immediately. 
💡 Please leave us a positive feedback with 5 STARS ⭐️ ⭐️ ⭐️ ⭐️ ⭐️ if you are satisfied with our product and service. Your feedback will be much appreciated.
💡 Please contact us immediately before leaving any negative feedbacks or open a dispute on Shopee.",Performance: 0/10 | Best Feature: 9/10 | Product Quality: 0/10 | Hindi maigalaw yung arrow sa screen. Hays maganda sana kaso defect siya makikita mo sa video Cheap siya pero sana tinest nyo kung gagalaw ba or hindi para hindi sayang pag aantay namin gagamitin ko sana for school purposes. Pero ni refund naman ni seller thank you,ph-11134103-22090-rus7txdykuhva4.jpg,0
prod_16,URBAN PIPE Fashionable Cargo Pants For Men 6 Pocket Drawstring Pant High Quality Bottoms 42917,"Discover the perfect blend of style and comfort with the URBAN PIPE Cargo Pants for Men. Designed for a modern urban look, these oversized pants feature multiple pockets and a versatile wide-leg design.
Functional Design: Equipped with 6 pockets for ample storage.
Stylish Fit: Oversized hip-hop style with wide-leg straight cut.
Adjustable Comfort: Drawstring waist for a customizable fit.
Add these trendy cargo pants to your wardrobe and elevate your casual outfits effortlessly!",Appearance: same as advertised | Material Quality: just fine | Colour: correct,ph-11134103-7rasc-m9cifzx6bgjx08.jpg;ph-11134103-7rash-m9cifzx6cv4d78.jpg;ph-11134103-7rasd-m9cifzx6e9otac.jpg;ph-11134103-7rasj-m9ciodakzese23.jpg,1
prod_17,Baggy Jeans Korean Style Jeans pants for Men straight cut Men's denim pants for men wide leg pants comfortable pants,"🌴S(27/28) Waist 26.7"" Length 38.1"" Hips 40.1"" 150-160cm. 40-45kg.
🌴M(29/30) Waist 28.7"" Length 38.5"" Hips 41.7"" 160-165cm. 45-55kg.
🌴L(31) Waist 30.7"" Length 38.9"" Hips 43.3"" 165-170cm. 55-60kg.
🌴XL(32/33) Waist 32.6"" Length 39.3"" Hips 44.4"" 165-173cm. 60-65kg.
🌴XXL(34/36) Waist 34.6"" Length 39.7"" Hips 46"" 170-175cm. 65-70kg.
🌴XXXL(38) Waist 36.6"" Length 40.1"" Hips 47.6"" 170-175cm. 70-80kg.",Material Quality: 6/10 | Appearance: 5/10 | HALATA NAMANG FAKE YUNG IBANG REVIEWS CUZ GIRL HINDI TALAGA SIYA GANON SA PICTURE. PERO GOODS NA FOR PRICE NIYA PERO ANLAYO TALAGA WAG MAG EXPECT,ph-11134103-7rasl-m9gwft1wvw370e.jpg,0
prod_08,Inplay S500 Wired RGB Gaming Headset With Mic Surround Sound Over Ear Headphone For PC Laptop,"Inplay Official Service Center Guranteed
Variation
Brand: Inplay
Model: S500
Driver Diameter: 50mm
Impedance: 32Ω@1KHZ
Sensitivity: 115-121db at 1KHZ 1mV
Frequency Response: 20hz-20khz
Light Effect: Colorful led light
Cable Length: 1.8m
Product Size:190*170*90mm
Product Weight: 228-248g
Warranty: 6 Months
Microphone Parameters
Sensitivity: -38-42dB@1KHz
Input mode: DC 3.5 plug
Signal to Noise Ratio: ≥60db
Frequency Response: 100Hz-8KHz",Received in bubble wrap in a thick cardboard box. item in excellent condition due to its secure packaging. all keys working including the different light effects. happy with the purchase. highly recommend seller. thanks,ph-11134103-7rasl-m8s0f2hcvwvn23.webp.jpg,1
prod_18,POND'S Acne Clear Pore Conditioning Toner with Salicylic Acid and Tea Tree Oil for Anti Pimple 100ml,"Pond’s Acne Clear Pore Conditioning Toner cares for pores to give you clearer skin that is smooth and refined up close. It has Salicylic Acid and Tea Tree Oil that deeply cleans and unclogs pores, helping to reduce pimples for clearer skin. It also has Pore Tightening Essence that conditions pores for smooth and refined skin.",Effectiveness: 10/10 | Fragrance: 10/10,ph-11134103-22120-2c1eeft0m4kvb3.jpg,1
prod_02,Luxe Organix Whitening Repair Ultra Light Glow Cleanser 150ml,"Evens out skin tone, lighten scars and dark spots, brighten skin
LUXE ORGANIX WHITENING REPAIR GENTLE FOAM CLEANSER IS MADE WITH NIACINAMIDE AND LICORICE ROOT EXTRACT TO REDUCE APPEARANCE OF HYPERPGMENTATION. ENLARGED PORES AND EXCESS OIL. IT LIGHTENS SKIN AND EVENS OUT SKIN TONE LEAVING YOU WITH A FRESH AND NATURAL GLOW.
HOW TO USE: SQUEEZE A PEA SIZED AMOUNT ONTO HANDS, GENTLY MASSAGE INTO DAMP FACE IN CIRCULAR MOTIONS, AVOIDING THE EYE AREA. RINSE THROUGHLY WITH WATER.CAUTION: FOR EXTERNAL USE ONLY. AVOID CONTACT WITH EYES. CONDUCT A SKIN TEST FIRST. STOP USING AND CONSULT A DOCTOR IF SKIN BECOMES RED, SWOLLEN AND ITCHYDURING USE. KEEP OUT OF REACH OF CHILDREN. STORE AT ROOM TEMPERATURE.
INGREDIENTS: WATER, MYRISTIC ACID, GLYCERIN, POTASSIUM HYDROXIDE, PALMITIC ACID, STEARID ACID, LAURAMIDE DEA, SODIUM LAURETH SULFATE, COCAMIDOPROPYL BETAINE, GLYCERYL STEARATE, BENZYL GLYCOL, PEG-100 STEARATE, NIACINAMIDE, GLYCYRRHIZA GLABRA (LICORICE) ROOT EXTRACT, SODIUM CHLORIDE, BUTYLENE GLYCOL, 1,2- HEXANEDIOL, GLYCOL DISTEARATE, RASPBERRY KETONE, CARBOMER, DISODIUM EDTA, LAURIC ACID, ETHYLHEXYLGLYCERIN, CITRIC ACID, SODIUM CARBONATE, FRAGRANCE.","NAKALAGAY FREE GIFT before ADD TO CART PERO ITEM ITSELF LANG DADATING, NAKA b1t1 Pa ang CONDI 😤 walang freebies maski isa sa with FREE GIFT NA NAADD TO CART KO",ph-11134103-820la-mnyas3urgcucfb.jpg,0
prod_10,Nvision 22 24 27 Inch IPS Monitor 100Hz/144Hz Framless FHD Gaming Monitor PC Laptop Monitor,"Nvision Frameless Flat Gaming Monitor
Energy Star Certified Monitor
Nvision Official Service Center Guranteed 
180 Days For Feplacement.
24 Months Warranty Period.
Specification:
___________________________________________________________________
Variation:
Model:  N2455PRO 24"" FHD
Color: Black/White
Display Size: 23.8""
Panel Type:  IPS
Refresh Rate: 100Hz
Response Time: 5Ms
Resolution: 1920*1080 Fhd
Brightness: 230Cd/m2
Contrast Ratio: 1000:1
Display Colors：16.7M
Viewing Angle：170(H) X 170(V)
Interface：HDMI*1 VGA*1,  DC input
Power Adaptor: AC220V, DC 12V/2.5A
Accessories: HDMI Cable *1, Metal Stand&Screw, Screw Driver, Instruction Manual, Warranty Card
Vesa Mount:  75mm * 75mm
___________________________________________________________________
Model:  N2455GT 24"" FHD
Color: Black/White
Display Size: 23.8""
Panel Type:  IPS
Refresh Rate: 144Hz
Response Time: 5Ms
Resolution: 1920*1080 Fhd
Brightness: 230Cd/m2
Contrast Ratio: 1000:1
Display Colors：16.7M
Viewing Angle：170(H) X 170(V)
Interface：HDMI*1 VGA*1,  DC input
Power Adaptor: AC220V, DC 12V/2.5A
Accessories: HDMI Cable *1, Metal Stand&Screw, Screw Driver, Instruction Manual, Warranty Card
Vesa Mount:  75mm * 75mm
___________________________________________________________________
Variation:
Model:  N2755PRO 27'' FHD
Color: Black/White
Display Size: 27''
Panel Type:  IPS
Refresh Rate: 100Hz
Response Time: 5Ms
Resolution: 1920*1080 Fhd
Brightness: 230cd/m2
Contrast Ratio: 1000:1
Display Colors：16.7M
Viewing Angle：170(H) X 170(V)
Interface：HDMI*1 VGA*1,  DC input
Power Adaptor: AC220V, DC 12V/2.5A
Accessories: HDMI Cable *1, Metal Stand&Screw, Screw Driver, Instruction Manual, Warranty Card
Vesa Mount:  75mm * 75mm
___________________________________________________________________
Variation:
Model:  N2255GP 22'' FHD
Color: Black/White
Display Size: 21.5''
Panel Type:  IPS
Refresh Rate: 120Hz
Response Time: 5Ms
Resolution: 1920*1080 Fhd
Brightness: 230cd/m2
Contrast Ratio: 1000:1
Display Colors：16.7M
Viewing Angle：170(H) X 170(V)
Interface：HDMI*1 VGA*1,  DC input
Power Adaptor: AC220V, DC 12V/2.5A
Accessories: HDMI Cable *1, Metal Stand&Screw, Screw Driver, Instruction Manual, Warranty Card
Vesa Mount:  75mm * 75mm
___________________________________________________________________
Model:  N2510 25"" FHD
Color: Black/White
Display Size: 24.5""
Panel Type: VA
Refresh Rate: 100Hz
Response Time: 5Ms
Resolution: 1920*1080P
Brightness: 250Cd/m2
Contrast Ratio: 1000:1
Display Colors：16.7M
Viewing Angle：170(H) X 170(V)
Interface：HDMI*1,VGA*1, DC Input*1
Power Adaptor: AC220V, DC 12V/2.5A
Package Size: 63*13*42cm
Weight: 4.5kg
Accessories: HDMI Cable *1, Metal Stand&Screw, Screw Driver, Instruction Manual, Warranty Card
Vesa Mount:  75mm * 75mm
___________________________________________________________________
Model:  Q2760 27"" QHD
Color: Black/White
Display Size: 27""
Panel Type: IPS
Refresh Rate: 100Hz
Response Time: 5Ms
Resolution: 2560*1440P
Speaker: Build-in Speaker
Brightness: 250Cd/m2
Contrast Ratio: 1000:1
Display Colors：16.7M
Viewing Angle：170(H) X 170(V)
Interface：HDMI*1, DP*1, Audio Out*1, DC Input*1
Power Adaptor: AC220V, DC 12V/2.5A
Package Size: 63*13*42cm
Weight: 4.5kg
Accessories: HDMI Cable *1, Metal Stand&Screw, Screw Driver, Instruction Manual, Warranty Card
Vesa Mount:  75mm * 75mm","Product: Poor quality | 2 stars only. Lagi siya namamatay upon using 🥲also, im not sure if the monitor has speakers but di gumagana. If wala, then ok. I think okay na for its price but i’m disappointed kasi lagi nga namamatay when I’m using it for work.",ph-11134103-7r990-lmzm5nq6ji2n43.jpg,1
prod_12,[JSJK] autumn new biscuit shoes canvas shoes women's low top Korean fashion shoes#F110,"Upper; Nylon fly woven  artificial leather elastic band
Sole: rubbe, sole,
Heel: flat bottom, split heel, thick heel and thin heel
Shoes: Sandals, sports, leisure and slippers
Height: generally 2-3 inches, 3-5 inches
Suitable season: spring, summer, autumn and winter
Suitable places: gathering, attending, working, shopping and leisure sports
Year of production: 2020                           
Euro size for women:   35-36-37-38-39-40
Euro size for men：    39-40-41-42-43-44
Size  charm : ADD SIZE PAG MALAPAD PAA!
Women ： 22.5cm-size 35        men ： 24.5cm- size39
23cm-size36                  25cm-size40
23.5cm-size37                 26cm -size41
24cm-size 38                  26.5cm--size42
24.5cm-size39                 27.5cm-size 43
25cm-size40                   28cm-size44
All PRODUCT are ON HAND & READY TO SHIP 
✅EARN SHOPEE COINS 
✅CASH ON DELIVERY
 ✅PAY TODAY SHIP TOMORROW ENJOY FREE SHIPPING & CASH ON DELIVERY FOR A MINIMUM PURCHASE OF 500 PESOS ONLY
DELIVERY PERIOD: 4-10days 
MUST READ 
✔️ALL ITEMS ARE AVAILABLE UNLESS MARKED AS ""SOLD OUT""
 ✔️ The Free Size Item may not Perfectly Fit to Every One 
✔️WE ACCEPT RETURNS IF THE ITEM IS NOT YET WORN OR USED. 
BUYER WILL SHOULDER THE RETURN SHIPPING COST 
LIKE & FOLLOW US FOR UPDATES! 
FOR NOT MISSING ANY DISCOUNT！！！！ 
AFTER SALES SERVICE 
(1)If the item you received is defective, please contact us immediately.
(2) REMINDERS 
(3)(1)Please kindly leave us a positive feedback (5 stars) , if you are satisfied with our items. And you could share with your friends on Facebook, Twitter...Thanks 
(4)(2)Please contact us before leaving any negative feedback or open a dispute on Shopee. 
(5)(3)Please give us the opportunity to resolve any problem .
s",Appearance: good | Colour: black with nude brown | Material Quality: good for its price | Maganda..mukha naman matibay..tama naman yung sizes ng chat ako sa seller before ship! Kudos bilis ng shipping din.. thank you so much 👋😊,ph-11134103-22100-075wdlfg43iv9a.jpg;ph-11134103-22100-prjydlfg43iv76.jpg;ph-11134103-22100-544urmfg43iv47.jpg;ph-11134103-22100-6z5og0mg43iv1c.jpg,2
prod_07,Inplay H20 RGB Wired Headset RGB Light Gaming Headset Headphones With Microphone For Pc Laptop,"Inplay Official Service Center Guranteed
6 Months Warranty Period
_______________________________________________________________________________________________________
SPECIFICATION
Brand: INPLAY
Model: H20
Color: Black / White
Warranty: 6 Months
Brand: INPLAY
Model: H30
Color: Balck / White
Warranty: 6 Months
Variation
Brand: Inplay
Model: HG710
Color: Black / White
Driver Diameter: 50mm
Impedance: 30Ω
Sensitivity: 107-113db
Frequency Response: 20hz-20khz
Light Effect: Colorful led light
Cable Length: 1.8m
Product Size:200*190*85mm
Product Weight: 257-277g
Warranty: 6 Months
Brand: INPLAY
Model: S500
Color: Balck
Warranty: 6 Months","Performance: 3/10 for interviewers/for clients kapag kausap niyo sila mahina talaga yung boses nila pero kapag youtube 5/10 ewan ko ba sabog talaga yung boses. | Best Feature: only for gamers not for work or online classes | Product Quality: 4/10 | Product: Poor quality | after observing this headset,Hindi ko talaga naririnig masyado yung mga kausap ko sabog siya if gagamitin niyo for interviews/online classes pero kapag youtube okay parin, hindi siya suitable for work and online classes, This headset is only intended for gamings. I don’t recommend this headset those who want to use for work pero kung pang gaming okay lang siguro. Its just my honest opinion.",ph-11134103-7rase-m9t3dyipllfw35.jpg,0
prod_05,Dermorepubliq 7% Glycolic Acid (AHA) Skin Renewing Toner,"This skin-renewing toner is perfect for improving dull, tired skin, it contains 7% Glycolic Acid, which sloughs off the outermost layer of the dead skin cells, revealing brighter and smoother skin.
Superstar herbs such as Centella Asiatica, Witch Hazel, Papaya, Cucumber, and Aloe Vera Extracts work synergistically for effective acne control and skin-soothing action.
Formulated with sensitive skin in mind, we made sure that this toner does not contain:
• Alcohol
• Sulfates
• Silicones
• Parabens
• Polymers
• Formaldehyde
• Artificial Colorants
• Artificial Scents
Ingredients List
Aqua, 7% Glycolic Acid (AHA), Aloe Barbadensis (Aloe Vera) Leaf Juice, Propylene Glycol, Glycerin, Sodium Hydroxide, Cucumis Sativus (Cucumber) Extract, Centella Asiatica (Gotu Kola) Extract, Carica Papaya (Papaya) Fruit Extract, Hamamelis Virginiana (Witch Hazel) Leaf Extract, Phenoxyethanol, Ethylhexylglycerin
pH 3.5 - 3.7
Dear valued customers,
We are excited to announce that Dermorepubliq is currently transitioning from using plastic shrink wraps to paper boxes as part of our commitment to reducing plastic pollution and protecting the environment. While this transition is underway, some of our products may still arrive with shrink wraps, but we are working hard to make paper boxes the new norm. We appreciate your support as we take this important step toward a more sustainable future.",Effectiveness: I don't know | Texture: watery | I haven't seen the results yet. I hope it works. It smells like miscellair water.Thanks seller and shopee!,ph-11134103-81zte-mlbori8fdhcf2b.jpg;ph-11134103-81ztg-mlbori8o9qtk43.jpg;ph-11134103-81ztg-mlbori8ob5e0ee.jpg,1
prod_10,Nvision 22 24 27 Inch IPS Monitor 100Hz/144Hz Framless FHD Gaming Monitor PC Laptop Monitor,"Nvision Frameless Flat Gaming Monitor
Energy Star Certified Monitor
Nvision Official Service Center Guranteed 
180 Days For Feplacement.
24 Months Warranty Period.
Specification:
___________________________________________________________________
Variation:
Model:  N2455PRO 24"" FHD
Color: Black/White
Display Size: 23.8""
Panel Type:  IPS
Refresh Rate: 100Hz
Response Time: 5Ms
Resolution: 1920*1080 Fhd
Brightness: 230Cd/m2
Contrast Ratio: 1000:1
Display Colors：16.7M
Viewing Angle：170(H) X 170(V)
Interface：HDMI*1 VGA*1,  DC input
Power Adaptor: AC220V, DC 12V/2.5A
Accessories: HDMI Cable *1, Metal Stand&Screw, Screw Driver, Instruction Manual, Warranty Card
Vesa Mount:  75mm * 75mm
___________________________________________________________________
Model:  N2455GT 24"" FHD
Color: Black/White
Display Size: 23.8""
Panel Type:  IPS
Refresh Rate: 144Hz
Response Time: 5Ms
Resolution: 1920*1080 Fhd
Brightness: 230Cd/m2
Contrast Ratio: 1000:1
Display Colors：16.7M
Viewing Angle：170(H) X 170(V)
Interface：HDMI*1 VGA*1,  DC input
Power Adaptor: AC220V, DC 12V/2.5A
Accessories: HDMI Cable *1, Metal Stand&Screw, Screw Driver, Instruction Manual, Warranty Card
Vesa Mount:  75mm * 75mm
___________________________________________________________________
Variation:
Model:  N2755PRO 27'' FHD
Color: Black/White
Display Size: 27''
Panel Type:  IPS
Refresh Rate: 100Hz
Response Time: 5Ms
Resolution: 1920*1080 Fhd
Brightness: 230cd/m2
Contrast Ratio: 1000:1
Display Colors：16.7M
Viewing Angle：170(H) X 170(V)
Interface：HDMI*1 VGA*1,  DC input
Power Adaptor: AC220V, DC 12V/2.5A
Accessories: HDMI Cable *1, Metal Stand&Screw, Screw Driver, Instruction Manual, Warranty Card
Vesa Mount:  75mm * 75mm
___________________________________________________________________
Variation:
Model:  N2255GP 22'' FHD
Color: Black/White
Display Size: 21.5''
Panel Type:  IPS
Refresh Rate: 120Hz
Response Time: 5Ms
Resolution: 1920*1080 Fhd
Brightness: 230cd/m2
Contrast Ratio: 1000:1
Display Colors：16.7M
Viewing Angle：170(H) X 170(V)
Interface：HDMI*1 VGA*1,  DC input
Power Adaptor: AC220V, DC 12V/2.5A
Accessories: HDMI Cable *1, Metal Stand&Screw, Screw Driver, Instruction Manual, Warranty Card
Vesa Mount:  75mm * 75mm
___________________________________________________________________
Model:  N2510 25"" FHD
Color: Black/White
Display Size: 24.5""
Panel Type: VA
Refresh Rate: 100Hz
Response Time: 5Ms
Resolution: 1920*1080P
Brightness: 250Cd/m2
Contrast Ratio: 1000:1
Display Colors：16.7M
Viewing Angle：170(H) X 170(V)
Interface：HDMI*1,VGA*1, DC Input*1
Power Adaptor: AC220V, DC 12V/2.5A
Package Size: 63*13*42cm
Weight: 4.5kg
Accessories: HDMI Cable *1, Metal Stand&Screw, Screw Driver, Instruction Manual, Warranty Card
Vesa Mount:  75mm * 75mm
___________________________________________________________________
Model:  Q2760 27"" QHD
Color: Black/White
Display Size: 27""
Panel Type: IPS
Refresh Rate: 100Hz
Response Time: 5Ms
Resolution: 2560*1440P
Speaker: Build-in Speaker
Brightness: 250Cd/m2
Contrast Ratio: 1000:1
Display Colors：16.7M
Viewing Angle：170(H) X 170(V)
Interface：HDMI*1, DP*1, Audio Out*1, DC Input*1
Power Adaptor: AC220V, DC 12V/2.5A
Package Size: 63*13*42cm
Weight: 4.5kg
Accessories: HDMI Cable *1, Metal Stand&Screw, Screw Driver, Instruction Manual, Warranty Card
Vesa Mount:  75mm * 75mm",Performance: superb! | Best Feature: GRAPHICS | Product Quality: excellent product | SOBRANG QUALITY NITO. ANG BAIT NI SELLER AND VERY UP TO DATE :) Fast delivery din :) Hoping it will last po Will recommend this item and store Thank you so much,ph-11134103-7r98q-lqm0ywvtg14re4.jpg;ph-11134103-7r98t-lqm0ywvt0kvv73.jpg;ph-11134103-7r990-lqm0ywuz1s9bae.jpg;ph-11134103-7r98w-lqm0ywvt0ken79.jpg;ph-11134103-7r98w-lqm0ywvtg0nj76.jpg,2
prod_03,"Cetaphil Gentle Skin Cleanser 59ml (For Sensitive Skin, Non-Drying Facial Wash, And Paraben Free)","Our best-selling gentle skin cleanser is clinically proven to actively hydrate while cleansing the skin, and defends against the five signs of skin sensitivity including dryness, irritation, roughness, toughness, and a weakened skin barrier
Our best-seller and fan favorite - a mild, non-irritating and soap-free formula that soothes skin as it cleanses. This award-winning cleanser is clinically proven to hydrate while cleansing, and helps to strengthen the skin&#39;s moisture barrier. It can be specifically used for everyday cleansing, and defends against the five signs of skin sensitivity - dryness, irritation, roughness, toughness, and weakened skin barrier. Non-comodogenic, fragrance-free, pH balanced, and dermatologically tested.
Cetaphil is the most prescribed skincare brand by dermatologists.
- Gentle, soap-free, non-irritating cleanser actively hydrates while cleansing
- Defends against the five signs of skin sensitivity, including dryness, irritation, roughness, tightness and weakened skin barrier
- Non-foaming cleanser can be used with or without water
- Suitable for all skin types, including dry and sensitive skin
- Dermatologist tested and clinically proven to be gentle on sensitive skin
- Fragrance free, hypoallergenic and non-comedogenic, so it won&#39;t irritate skin or clog pores
INGREDIENTS:
Aqua, Glycerin, Cetearyl Alcohol, Panthenol, Niacinamide, Pantolactone, Xanthan Gum, Sodium Cocoyl Isethionate, Sodium Benzoate, Citric Acid
Directions for Use:
With water: 
Apply cleanser and gentle massage into skin. Rinse.
Without water:
Apply a liberal amount of cleanser and gently massage into skin.
About the Brand:
Cetaphil is a gentle skincare brand that has been recommended by dermatologists for over 70 years, and is today used by millions of people with sensitive skin from all around the world. It offers a complete range of cleansers, moisturizers and sun protection ideal for face and body, providing gentle yet effective skincare formula to strengthen and protect even the most sensitive skin.
MOST PRESCRIBED SKINCARE BRAND
Cetaphil is the original sensitive cleanser recommended by dermatologists for over 70 years
CLINICALLY TESTED FOR SENSITIVE SKIN
Our soap-free, skin nourishing products will treat your skin without irritation and is hypoallergenic
DEFENDS AGAINST 5 SIGNS OF SENSITIVITY
Clinically proven to soothe, hydrate, and nourish sensitive skin",Effectiveness: I think legit nmn kc mganda ung quality ng product | Fragrance: Mabango | Texture: is good | Mukang legit since sa original store ako bumili kc mahirap na bka mabili ko fake for my baby kc sensitive skin at sakin acne prone type ng skin ko sana mag ok na to skin. Thanks for the fast delivery ❤️,21582ee4cd09d7f477b78ecd771eaa46.jpg;d27a7bd73cf0f48a2baf4361bbd62202.jpg,2
prod_18,POND'S Acne Clear Pore Conditioning Toner with Salicylic Acid and Tea Tree Oil for Anti Pimple 100ml,"Pond’s Acne Clear Pore Conditioning Toner cares for pores to give you clearer skin that is smooth and refined up close. It has Salicylic Acid and Tea Tree Oil that deeply cleans and unclogs pores, helping to reduce pimples for clearer skin. It also has Pore Tightening Essence that conditions pores for smooth and refined skin.",Sa mga previous order ko 5 stars pa maibibigay ko kasi walang natapon and secured yung parcel. Pero ngayon 3stars lang kasi natapon siya. Di maayos and sealed yung product kaya natapon siya. Sana sa susunod pakiayos po para di rin po kayo magkaron ng mababang ratings.,e73f37d2932343823fa9e32d073c0c50.jpg,1
prod_14,2022 Chinese Collar Polo for Men Long/Short Sleeves Full Buttons Cotton Korean Shirt,"Color: White, Black, Cream, Navy Blue
Size: M, L, XL，XXL
Material: Cotton
Pattern: Plain
Fit Type: Regular Fit
Style: Casual, Fashion
Thickness: Regular
Length: Regular
Decorations: Buttons
Season: Summer
Collar: Chinese Collar",Not true to size.,ph-11134103-7r98o-lovdj78uce7d58.jpg,1
prod_12,[JSJK] autumn new biscuit shoes canvas shoes women's low top Korean fashion shoes#F110,"Upper; Nylon fly woven  artificial leather elastic band
Sole: rubbe, sole,
Heel: flat bottom, split heel, thick heel and thin heel
Shoes: Sandals, sports, leisure and slippers
Height: generally 2-3 inches, 3-5 inches
Suitable season: spring, summer, autumn and winter
Suitable places: gathering, attending, working, shopping and leisure sports
Year of production: 2020                           
Euro size for women:   35-36-37-38-39-40
Euro size for men：    39-40-41-42-43-44
Size  charm : ADD SIZE PAG MALAPAD PAA!
Women ： 22.5cm-size 35        men ： 24.5cm- size39
23cm-size36                  25cm-size40
23.5cm-size37                 26cm -size41
24cm-size 38                  26.5cm--size42
24.5cm-size39                 27.5cm-size 43
25cm-size40                   28cm-size44
All PRODUCT are ON HAND & READY TO SHIP 
✅EARN SHOPEE COINS 
✅CASH ON DELIVERY
 ✅PAY TODAY SHIP TOMORROW ENJOY FREE SHIPPING & CASH ON DELIVERY FOR A MINIMUM PURCHASE OF 500 PESOS ONLY
DELIVERY PERIOD: 4-10days 
MUST READ 
✔️ALL ITEMS ARE AVAILABLE UNLESS MARKED AS ""SOLD OUT""
 ✔️ The Free Size Item may not Perfectly Fit to Every One 
✔️WE ACCEPT RETURNS IF THE ITEM IS NOT YET WORN OR USED. 
BUYER WILL SHOULDER THE RETURN SHIPPING COST 
LIKE & FOLLOW US FOR UPDATES! 
FOR NOT MISSING ANY DISCOUNT！！！！ 
AFTER SALES SERVICE 
(1)If the item you received is defective, please contact us immediately.
(2) REMINDERS 
(3)(1)Please kindly leave us a positive feedback (5 stars) , if you are satisfied with our items. And you could share with your friends on Facebook, Twitter...Thanks 
(4)(2)Please contact us before leaving any negative feedback or open a dispute on Shopee. 
(5)(3)Please give us the opportunity to resolve any problem .
s","Okay naman maganda naman quality Standard packaging, Item shipped on time, ok quality, responsive seller . keep it up . godbless .",3e5d4cbc599e1b4759f883c3cccba5df.jpg,2
prod_18,POND'S Acne Clear Pore Conditioning Toner with Salicylic Acid and Tea Tree Oil for Anti Pimple 100ml,"Pond’s Acne Clear Pore Conditioning Toner cares for pores to give you clearer skin that is smooth and refined up close. It has Salicylic Acid and Tea Tree Oil that deeply cleans and unclogs pores, helping to reduce pimples for clearer skin. It also has Pore Tightening Essence that conditions pores for smooth and refined skin.","Kalahati nlng yung laman nung dumating, nakasealed pero nagleak.",ph-11134103-7r98z-lvucb89zuvs13c.jpg;ph-11134103-7r98s-lvucb89zwach2b.jpg;ph-11134103-7r98o-lvucfpprm25dc2.jpg,0
prod_10,Nvision 22 24 27 Inch IPS Monitor 100Hz/144Hz Framless FHD Gaming Monitor PC Laptop Monitor,"Nvision Frameless Flat Gaming Monitor
Energy Star Certified Monitor
Nvision Official Service Center Guranteed 
180 Days For Feplacement.
24 Months Warranty Period.
Specification:
___________________________________________________________________
Variation:
Model:  N2455PRO 24"" FHD
Color: Black/White
Display Size: 23.8""
Panel Type:  IPS
Refresh Rate: 100Hz
Response Time: 5Ms
Resolution: 1920*1080 Fhd
Brightness: 230Cd/m2
Contrast Ratio: 1000:1
Display Colors：16.7M
Viewing Angle：170(H) X 170(V)
Interface：HDMI*1 VGA*1,  DC input
Power Adaptor: AC220V, DC 12V/2.5A
Accessories: HDMI Cable *1, Metal Stand&Screw, Screw Driver, Instruction Manual, Warranty Card
Vesa Mount:  75mm * 75mm
___________________________________________________________________
Model:  N2455GT 24"" FHD
Color: Black/White
Display Size: 23.8""
Panel Type:  IPS
Refresh Rate: 144Hz
Response Time: 5Ms
Resolution: 1920*1080 Fhd
Brightness: 230Cd/m2
Contrast Ratio: 1000:1
Display Colors：16.7M
Viewing Angle：170(H) X 170(V)
Interface：HDMI*1 VGA*1,  DC input
Power Adaptor: AC220V, DC 12V/2.5A
Accessories: HDMI Cable *1, Metal Stand&Screw, Screw Driver, Instruction Manual, Warranty Card
Vesa Mount:  75mm * 75mm
___________________________________________________________________
Variation:
Model:  N2755PRO 27'' FHD
Color: Black/White
Display Size: 27''
Panel Type:  IPS
Refresh Rate: 100Hz
Response Time: 5Ms
Resolution: 1920*1080 Fhd
Brightness: 230cd/m2
Contrast Ratio: 1000:1
Display Colors：16.7M
Viewing Angle：170(H) X 170(V)
Interface：HDMI*1 VGA*1,  DC input
Power Adaptor: AC220V, DC 12V/2.5A
Accessories: HDMI Cable *1, Metal Stand&Screw, Screw Driver, Instruction Manual, Warranty Card
Vesa Mount:  75mm * 75mm
___________________________________________________________________
Variation:
Model:  N2255GP 22'' FHD
Color: Black/White
Display Size: 21.5''
Panel Type:  IPS
Refresh Rate: 120Hz
Response Time: 5Ms
Resolution: 1920*1080 Fhd
Brightness: 230cd/m2
Contrast Ratio: 1000:1
Display Colors：16.7M
Viewing Angle：170(H) X 170(V)
Interface：HDMI*1 VGA*1,  DC input
Power Adaptor: AC220V, DC 12V/2.5A
Accessories: HDMI Cable *1, Metal Stand&Screw, Screw Driver, Instruction Manual, Warranty Card
Vesa Mount:  75mm * 75mm
___________________________________________________________________
Model:  N2510 25"" FHD
Color: Black/White
Display Size: 24.5""
Panel Type: VA
Refresh Rate: 100Hz
Response Time: 5Ms
Resolution: 1920*1080P
Brightness: 250Cd/m2
Contrast Ratio: 1000:1
Display Colors：16.7M
Viewing Angle：170(H) X 170(V)
Interface：HDMI*1,VGA*1, DC Input*1
Power Adaptor: AC220V, DC 12V/2.5A
Package Size: 63*13*42cm
Weight: 4.5kg
Accessories: HDMI Cable *1, Metal Stand&Screw, Screw Driver, Instruction Manual, Warranty Card
Vesa Mount:  75mm * 75mm
___________________________________________________________________
Model:  Q2760 27"" QHD
Color: Black/White
Display Size: 27""
Panel Type: IPS
Refresh Rate: 100Hz
Response Time: 5Ms
Resolution: 2560*1440P
Speaker: Build-in Speaker
Brightness: 250Cd/m2
Contrast Ratio: 1000:1
Display Colors：16.7M
Viewing Angle：170(H) X 170(V)
Interface：HDMI*1, DP*1, Audio Out*1, DC Input*1
Power Adaptor: AC220V, DC 12V/2.5A
Package Size: 63*13*42cm
Weight: 4.5kg
Accessories: HDMI Cable *1, Metal Stand&Screw, Screw Driver, Instruction Manual, Warranty Card
Vesa Mount:  75mm * 75mm",Performance: So far it's okay | Best Feature: Sleek Design | Product Quality: Mukhang matibay,ph-11134103-23010-dojtttxtr1lv8d.jpg;ph-11134103-23010-w75rttxtr1lvc1.jpg;ph-11134103-23010-9bxqnuxtr1lv5b.jpg,1
prod_01,CCL PH USB Wired Gaming Mouse High Configuration with Backlight for PC & Laptop X1,"💯 High Quality
💯 Brand New
Easy to operate, USB plug and play, no driver needed. Anti-skid and waterproof design. ABS material, laser-etched, non-slip design, splash proof and durable.
Rainbow Color Backlight effects: bringing cool gaming experience, in particular increase gaming keys backlit effect and easy type in the dark.
Quickly control each function, ergonomic design, comfortable to operate.
Button service life: 5 million times
DPI adjustment provides 800/1200/1600 gear shift control for different games.
The smooth 3D roller with anti-skid scale grain ensures you to operate comfortably.
The buttons structure adopt precursor type streamline design provides excellent click sense.
Ergonomic design: perfect size fits naturally in your hand and provides comfortable touch feeling.
Product size: 12.3cm x 6.8cm  x 3.8cm (approx.)
🖌 FREE Shipping
🖌 Cash on Delivery (COD) is available       
🖌 Order Today Ship ASAP     
DELIVERY PERIOD:  
🚚 2-4 days Metro Manila
🚚 3-7 days Provincial
  ⚠️ Please CHOOSE THE CORRECT variation so we can avoid mistakes.
⚠️ If the item you received is defective, please contact us immediately. 
💡 Please leave us a positive feedback with 5 STARS ⭐️ ⭐️ ⭐️ ⭐️ ⭐️ if you are satisfied with our product and service. Your feedback will be much appreciated.
💡 Please contact us immediately before leaving any negative feedbacks or open a dispute on Shopee.",This mouse not for gaming the sensitivity of this mouse so bad if u play dota GL for the sensitivity bad of quality,ph-11134103-7r98o-lo6iqrfb1t969a.jpg,0
prod_16,URBAN PIPE Fashionable Cargo Pants For Men 6 Pocket Drawstring Pant High Quality Bottoms 42917,"Discover the perfect blend of style and comfort with the URBAN PIPE Cargo Pants for Men. Designed for a modern urban look, these oversized pants feature multiple pockets and a versatile wide-leg design.
Functional Design: Equipped with 6 pockets for ample storage.
Stylish Fit: Oversized hip-hop style with wide-leg straight cut.
Adjustable Comfort: Drawstring waist for a customizable fit.
Add these trendy cargo pants to your wardrobe and elevate your casual outfits effortlessly!",Item is as advertised. Fits just right and quality is above average. Neatly packed and delivery was fast. Seller communicates well. Thanks.,ph-11134103-7rasl-m9mxug5yz1gz7b.jpg;ph-11134103-7rasm-m9mxug5yjlghf6.jpg;ph-11134103-7rask-m9mxug5yz1pdc6.jpg;ph-11134103-7rasf-m9mxug5yjl832b.jpg,2
prod_12,[JSJK] autumn new biscuit shoes canvas shoes women's low top Korean fashion shoes#F110,"Upper; Nylon fly woven  artificial leather elastic band
Sole: rubbe, sole,
Heel: flat bottom, split heel, thick heel and thin heel
Shoes: Sandals, sports, leisure and slippers
Height: generally 2-3 inches, 3-5 inches
Suitable season: spring, summer, autumn and winter
Suitable places: gathering, attending, working, shopping and leisure sports
Year of production: 2020                           
Euro size for women:   35-36-37-38-39-40
Euro size for men：    39-40-41-42-43-44
Size  charm : ADD SIZE PAG MALAPAD PAA!
Women ： 22.5cm-size 35        men ： 24.5cm- size39
23cm-size36                  25cm-size40
23.5cm-size37                 26cm -size41
24cm-size 38                  26.5cm--size42
24.5cm-size39                 27.5cm-size 43
25cm-size40                   28cm-size44
All PRODUCT are ON HAND & READY TO SHIP 
✅EARN SHOPEE COINS 
✅CASH ON DELIVERY
 ✅PAY TODAY SHIP TOMORROW ENJOY FREE SHIPPING & CASH ON DELIVERY FOR A MINIMUM PURCHASE OF 500 PESOS ONLY
DELIVERY PERIOD: 4-10days 
MUST READ 
✔️ALL ITEMS ARE AVAILABLE UNLESS MARKED AS ""SOLD OUT""
 ✔️ The Free Size Item may not Perfectly Fit to Every One 
✔️WE ACCEPT RETURNS IF THE ITEM IS NOT YET WORN OR USED. 
BUYER WILL SHOULDER THE RETURN SHIPPING COST 
LIKE & FOLLOW US FOR UPDATES! 
FOR NOT MISSING ANY DISCOUNT！！！！ 
AFTER SALES SERVICE 
(1)If the item you received is defective, please contact us immediately.
(2) REMINDERS 
(3)(1)Please kindly leave us a positive feedback (5 stars) , if you are satisfied with our items. And you could share with your friends on Facebook, Twitter...Thanks 
(4)(2)Please contact us before leaving any negative feedback or open a dispute on Shopee. 
(5)(3)Please give us the opportunity to resolve any problem .
s",Appearance: Good | Colour: Good | Material Quality: Good | Maganda sana kaso masikip sa akin😢,9eb95444be2b343d5b82d25cba15e763.jpg,1
prod_15,Infinitee Japanese Inspired Oversized T Shirt For Men Women Oversize Plus Size Tshirt Top Tops Tees,"Premium Quality Cotton T-Shirt
✔ 100% Brand New
✔ Material: Cotton-blend
✔ Fit: Loose Fit
✔ Style: Casual
✔ Fabric Density: 200 gsm
✔ Comfortable and Long-Wearing
✔ Asian Size
📏 Please refer to the Size Chart for accurate measurements.
🧺 Care Instructions:
• Do not bleach
• Do not dry clean
⚠️ Note: Color may appear slightly lighter or darker due to lighting.",Appearance: Kyoto | Material Quality: good | Colour: black | Ang laki ng large parang XL,ph-11134103-7qul7-libgzdh6m5mu67.jpg,1
prod_06,Baseus H19 Wired Earphones 6D Stereo Bass Headphone In-Ear 3.5mm Headset with MIC,"Hey~ Welcome to Baseus Flagship Official Store!!! Please read the product description clearly,choose u need.Most items have ready stocks! Enjoy~
 ❥Package:
1*H19 3.5mm wired earphone
❥Specifications:
Brand: Baseus
Length:1.2m
❥Feature:
1. Inclined in the ear design, comfortable to wear all day.
2. Φ 14 mm moving coil + PU composite diaphragm, 6 d sound quality,
3. Thin wire control design, sensitive keys, durable
4. Built-in HD microphone, high restoration degree,
5. TPE pattern wire, soft and anti-winding
6. Support all devices with 3.5mm interface",• ordered on: 09/09/2021 • received on: 09/15/2021 • long shipping and delivery time • has good quality specifically the bass • hope that these earphones will last longer than expected • came with a free earphone pouch,5d5fa22e6489690a92046df4f9df70d0.jpg,1
prod_15,Infinitee Japanese Inspired Oversized T Shirt For Men Women Oversize Plus Size Tshirt Top Tops Tees,"Premium Quality Cotton T-Shirt
✔ 100% Brand New
✔ Material: Cotton-blend
✔ Fit: Loose Fit
✔ Style: Casual
✔ Fabric Density: 200 gsm
✔ Comfortable and Long-Wearing
✔ Asian Size
📏 Please refer to the Size Chart for accurate measurements.
🧺 Care Instructions:
• Do not bleach
• Do not dry clean
⚠️ Note: Color may appear slightly lighter or darker due to lighting.","Appearance: korean style clothing | Colour: Blue, tokyo | Material Quality: cotton | Late review, but as soon as my tshirt arrived, nilabhan ko po agad sya so pede ko sya masuot kinabukasan and as expected, infinitee never dissapoint me i really love the shirt itself super, duper cute and maganda. This shop is so good for the people who likes japanese style clothing, so like feeling nasa Japan👀, Eme😆 thank you po, i will definitely buy again❤️❤️❤️❤️❤️❤️❤️❤️ かわいい🙇",ph-11134103-7r98o-lmlxo12cif3le2.jpg;ph-11134103-7r98y-lmlxo15yd52pfb.jpg;ph-11134103-7r98s-lmlxo14agzgv1a.jpg,2
prod_15,Infinitee Japanese Inspired Oversized T Shirt For Men Women Oversize Plus Size Tshirt Top Tops Tees,"Premium Quality Cotton T-Shirt
✔ 100% Brand New
✔ Material: Cotton-blend
✔ Fit: Loose Fit
✔ Style: Casual
✔ Fabric Density: 200 gsm
✔ Comfortable and Long-Wearing
✔ Asian Size
📏 Please refer to the Size Chart for accurate measurements.
🧺 Care Instructions:
• Do not bleach
• Do not dry clean
⚠️ Note: Color may appear slightly lighter or darker due to lighting.",Material Quality: good | Colour: good | Appearance: good | Question was expecting right there yet unless it's on purpose are still down from getting her just keep losing zero xxx call can visit before next Monday quick walk every room too you up in one piece and see don't forget good here job keeping like zoom Xbox controller vibration but not much,ph-11134103-7rasl-m9zfuxj0k1jgc0.jpg,0
prod_10,Nvision 22 24 27 Inch IPS Monitor 100Hz/144Hz Framless FHD Gaming Monitor PC Laptop Monitor,"Nvision Frameless Flat Gaming Monitor
Energy Star Certified Monitor
Nvision Official Service Center Guranteed 
180 Days For Feplacement.
24 Months Warranty Period.
Specification:
___________________________________________________________________
Variation:
Model:  N2455PRO 24"" FHD
Color: Black/White
Display Size: 23.8""
Panel Type:  IPS
Refresh Rate: 100Hz
Response Time: 5Ms
Resolution: 1920*1080 Fhd
Brightness: 230Cd/m2
Contrast Ratio: 1000:1
Display Colors：16.7M
Viewing Angle：170(H) X 170(V)
Interface：HDMI*1 VGA*1,  DC input
Power Adaptor: AC220V, DC 12V/2.5A
Accessories: HDMI Cable *1, Metal Stand&Screw, Screw Driver, Instruction Manual, Warranty Card
Vesa Mount:  75mm * 75mm
___________________________________________________________________
Model:  N2455GT 24"" FHD
Color: Black/White
Display Size: 23.8""
Panel Type:  IPS
Refresh Rate: 144Hz
Response Time: 5Ms
Resolution: 1920*1080 Fhd
Brightness: 230Cd/m2
Contrast Ratio: 1000:1
Display Colors：16.7M
Viewing Angle：170(H) X 170(V)
Interface：HDMI*1 VGA*1,  DC input
Power Adaptor: AC220V, DC 12V/2.5A
Accessories: HDMI Cable *1, Metal Stand&Screw, Screw Driver, Instruction Manual, Warranty Card
Vesa Mount:  75mm * 75mm
___________________________________________________________________
Variation:
Model:  N2755PRO 27'' FHD
Color: Black/White
Display Size: 27''
Panel Type:  IPS
Refresh Rate: 100Hz
Response Time: 5Ms
Resolution: 1920*1080 Fhd
Brightness: 230cd/m2
Contrast Ratio: 1000:1
Display Colors：16.7M
Viewing Angle：170(H) X 170(V)
Interface：HDMI*1 VGA*1,  DC input
Power Adaptor: AC220V, DC 12V/2.5A
Accessories: HDMI Cable *1, Metal Stand&Screw, Screw Driver, Instruction Manual, Warranty Card
Vesa Mount:  75mm * 75mm
___________________________________________________________________
Variation:
Model:  N2255GP 22'' FHD
Color: Black/White
Display Size: 21.5''
Panel Type:  IPS
Refresh Rate: 120Hz
Response Time: 5Ms
Resolution: 1920*1080 Fhd
Brightness: 230cd/m2
Contrast Ratio: 1000:1
Display Colors：16.7M
Viewing Angle：170(H) X 170(V)
Interface：HDMI*1 VGA*1,  DC input
Power Adaptor: AC220V, DC 12V/2.5A
Accessories: HDMI Cable *1, Metal Stand&Screw, Screw Driver, Instruction Manual, Warranty Card
Vesa Mount:  75mm * 75mm
___________________________________________________________________
Model:  N2510 25"" FHD
Color: Black/White
Display Size: 24.5""
Panel Type: VA
Refresh Rate: 100Hz
Response Time: 5Ms
Resolution: 1920*1080P
Brightness: 250Cd/m2
Contrast Ratio: 1000:1
Display Colors：16.7M
Viewing Angle：170(H) X 170(V)
Interface：HDMI*1,VGA*1, DC Input*1
Power Adaptor: AC220V, DC 12V/2.5A
Package Size: 63*13*42cm
Weight: 4.5kg
Accessories: HDMI Cable *1, Metal Stand&Screw, Screw Driver, Instruction Manual, Warranty Card
Vesa Mount:  75mm * 75mm
___________________________________________________________________
Model:  Q2760 27"" QHD
Color: Black/White
Display Size: 27""
Panel Type: IPS
Refresh Rate: 100Hz
Response Time: 5Ms
Resolution: 2560*1440P
Speaker: Build-in Speaker
Brightness: 250Cd/m2
Contrast Ratio: 1000:1
Display Colors：16.7M
Viewing Angle：170(H) X 170(V)
Interface：HDMI*1, DP*1, Audio Out*1, DC Input*1
Power Adaptor: AC220V, DC 12V/2.5A
Package Size: 63*13*42cm
Weight: 4.5kg
Accessories: HDMI Cable *1, Metal Stand&Screw, Screw Driver, Instruction Manual, Warranty Card
Vesa Mount:  75mm * 75mm",Product Quality: Very useful for studying in MedSchool. Thank you. | Best Feature: Budget friendly than other monitors. Big screen. | Had one dead pixel. But it's okay I guess. It is on the top most part. And it is not clearly visible if your not looking for it.,ph-11134103-7r98u-llvzhuozg54h47.jpg,1
prod_18,POND'S Acne Clear Pore Conditioning Toner with Salicylic Acid and Tea Tree Oil for Anti Pimple 100ml,"Pond’s Acne Clear Pore Conditioning Toner cares for pores to give you clearer skin that is smooth and refined up close. It has Salicylic Acid and Tea Tree Oil that deeply cleans and unclogs pores, helping to reduce pimples for clearer skin. It also has Pore Tightening Essence that conditions pores for smooth and refined skin.",Immediately shipped and delivered. but disappointed Ako Kasi nagleak lahat. 6 na dove tumapon Buti di naubos. Maluluwag Ang takip. I understand sa shipment Yun. Pero if na sealed ng maayos di bubukas at tatapon.ilan beses Ako nagchat to remind the seller. But not responsive. Pang regalo ko pa naman,dfc6ae932574013ad61ed6e19af6f4b0.jpg,0
prod_12,[JSJK] autumn new biscuit shoes canvas shoes women's low top Korean fashion shoes#F110,"Upper; Nylon fly woven  artificial leather elastic band
Sole: rubbe, sole,
Heel: flat bottom, split heel, thick heel and thin heel
Shoes: Sandals, sports, leisure and slippers
Height: generally 2-3 inches, 3-5 inches
Suitable season: spring, summer, autumn and winter
Suitable places: gathering, attending, working, shopping and leisure sports
Year of production: 2020                           
Euro size for women:   35-36-37-38-39-40
Euro size for men：    39-40-41-42-43-44
Size  charm : ADD SIZE PAG MALAPAD PAA!
Women ： 22.5cm-size 35        men ： 24.5cm- size39
23cm-size36                  25cm-size40
23.5cm-size37                 26cm -size41
24cm-size 38                  26.5cm--size42
24.5cm-size39                 27.5cm-size 43
25cm-size40                   28cm-size44
All PRODUCT are ON HAND & READY TO SHIP 
✅EARN SHOPEE COINS 
✅CASH ON DELIVERY
 ✅PAY TODAY SHIP TOMORROW ENJOY FREE SHIPPING & CASH ON DELIVERY FOR A MINIMUM PURCHASE OF 500 PESOS ONLY
DELIVERY PERIOD: 4-10days 
MUST READ 
✔️ALL ITEMS ARE AVAILABLE UNLESS MARKED AS ""SOLD OUT""
 ✔️ The Free Size Item may not Perfectly Fit to Every One 
✔️WE ACCEPT RETURNS IF THE ITEM IS NOT YET WORN OR USED. 
BUYER WILL SHOULDER THE RETURN SHIPPING COST 
LIKE & FOLLOW US FOR UPDATES! 
FOR NOT MISSING ANY DISCOUNT！！！！ 
AFTER SALES SERVICE 
(1)If the item you received is defective, please contact us immediately.
(2) REMINDERS 
(3)(1)Please kindly leave us a positive feedback (5 stars) , if you are satisfied with our items. And you could share with your friends on Facebook, Twitter...Thanks 
(4)(2)Please contact us before leaving any negative feedback or open a dispute on Shopee. 
(5)(3)Please give us the opportunity to resolve any problem .
s","Appearance: maganda, maayos, matibay | Colour: tama yung color na binigay | Material Quality: oks | Pretty siya walang sira tapos responsive pa si seller kaya goods",ph-11134103-7rasj-m0dx7g98eosk06.jpg,2
prod_14,2022 Chinese Collar Polo for Men Long/Short Sleeves Full Buttons Cotton Korean Shirt,"Color: White, Black, Cream, Navy Blue
Size: M, L, XL，XXL
Material: Cotton
Pattern: Plain
Fit Type: Regular Fit
Style: Casual, Fashion
Thickness: Regular
Length: Regular
Decorations: Buttons
Season: Summer
Collar: Chinese Collar",Manipis lang pala ska kahaba Ng manggas mainit din sa katawan Yung tela,ph-11134103-7r98o-lovdj78uce7d58.jpg,1
prod_04,Garnier Brightening Foam Facial Cleanser Skin care For Dark Spots Dull Skin Garnier Facial Wash 50ml,"WHAT IS IT
A gentle, easy to rinse foam with the power of Pure Lemon Extract to intensively cleanse and clear dullness.
 WHAT IT DOES
Cleanses and brightens skin.
 WHY IT'S PERFECT FOR YOU
Cleanse and clear away dullness with the power of pure lemon extract.
 HOW TO USE
Gently massage onto wet face while avoiding eye area. Rinse off with water. Use day and night as needed.
 CARE INSTRUCTIONS
Keep away from direct sunlight. Store at room temperature.
 INGREDIENTS
AQUA/WATER, GLYCERIN, MYRISTIC ACID, PAMITIC ACID, STEARIC ACID, GLYCERYL STEARATE, KAOLIN, BENZYL SALICYLATE, CITRUS MEDICA EXTRACT, LIMONENE, LINALOOL. METHYLISOTHIAZOLINONE, PEG-14M, TETRASODIUM EDTA, PARFUM/ FRAGRANCE (B45631/1)
Daytime Morning Regimen
STEP 1: REMOVE MAKEUP & IMPURITIES with the Garnier Vitamin C Micellar Water. Saturate a cotton pad with micellar water and gently wipe your face to remove dirt and excess oil.
STEP 2: CLEANSE your face with the Garnier Vitamin C Brightening Cleanser Foam OR Gel Cleanser Wash. Wet your face with water, apply a small amount of the cleanser, and massage in circular motions. Rinse thoroughly.
STEP 3: TREAT with the Garnier Vitamin C Booster Serum. Apply 3-4 drops of the serum all over your face in upward motion. Let it absorb fully before moving on to the next steps. This will help to fade dark spots in 3 days!
STEP 4: ENHANCE your skin with the Garnier Vitamin C Ampoule Serum. Apply a small amount of the ampoule serum on problem areas, or all over your face to fade hyperpigmentation, sunspots (pekas), melasma, and dark undereye circles.
STEP 5: MOISTURIZE with the Garnier Vitamin C Day Cream Moisturizer. Massage in upward circular motion all over your face, to lock in moisture and create a protective barrier on your skin.
STEP 6: PROTECT your skin from harmful UV rays with the Garnier Vitamin C UV Sunscreen. Apply a thin layer of sunscreen evenly on your face, at least 15 minutes before sun exposure. Reapply throughout the day for maximum sun protection.
Nighttime Evening Regimen
STEP 1: REMOVE MAKEUP & IMPURITIES with the Garnier Vitamin C Micellar Water. Saturate a cotton pad with micellar water and gently wipe your face to remove dirt and excess oil.
STEP 2: CLEANSE your face with the Garnier Vitamin C Brightening Cleanser Foam OR Gel Cleanser Wash. Wet your face with water, apply a small amount of the cleanser, and massage in circular motions. Rinse thoroughly.
STEP 3: TREAT with the Garnier 10% Pure Vitamin C Overnight Booster Serum. Apply 3-4 drops of the serum all over your face in upward motion to support overnight skin repair and recovery. all over your face in upward motion. Let it absorb fully before moving on to the next steps.
STEP 4: ENHANCE your skin with the Garnier Vitamin C Ampoule Serum. Apply a small amount of the ampoule serum on problem areas, or all over your face to fade hyperpigmentation, sunspots (pekas), melasma, and dark undereye circles.
STEP 5: REJUVENATE and nourish your skin with the Garnier Vitamin C Night Cream Moisturizer. Apply the night cream to lock in moisture for optimum repair and recovery especially during at night","Took almost month for the refund process of 2 missing items, reported it 4 times. I ordered 3 items I received only 1 and they dont refund the two missing items unless I return the 1 item that i received which is part of my order. Doesnt make sense. I loved garnier but customer svc🙄",ph-11134103-7r98o-ltytiala8mfd2f.jpg,0
prod_08,Inplay S500 Wired RGB Gaming Headset With Mic Surround Sound Over Ear Headphone For PC Laptop,"Inplay Official Service Center Guranteed
Variation
Brand: Inplay
Model: S500
Driver Diameter: 50mm
Impedance: 32Ω@1KHZ
Sensitivity: 115-121db at 1KHZ 1mV
Frequency Response: 20hz-20khz
Light Effect: Colorful led light
Cable Length: 1.8m
Product Size:190*170*90mm
Product Weight: 228-248g
Warranty: 6 Months
Microphone Parameters
Sensitivity: -38-42dB@1KHz
Input mode: DC 3.5 plug
Signal to Noise Ratio: ≥60db
Frequency Response: 100Hz-8KHz",Performance: great | Product Quality: great | Best Feature: microphone and rgb,ph-11134103-7rasl-m8s0f2hcvwvn23.webp.jpg,2
prod_09,Jeep EW011 TWS True Wireless Bluetooth Earphones HiFi Sound Noise Cancellation HD Calls Earbuds,"Specification:
Brand: Jeep
Model: JP EW011
Wireless version: V5.3
Speaker size: Φ13mm
Sensitivity:118±3dB
Impedance: 250
Frequency response:50HZ-20KHZ
Cell voltage: 3.7V
Music playing time:About 4H (80% volume)
Standby time:About 50H
Charging time:About 2H
Headphone battery capacity: 30mAh/3.7V
Charging compartment battery capacity: 300mAh/3.7V
Product size:61.5x25x45.5mm
What's in the box
2 x Bluetooth Earphones
1 x Charging Case
1 x Charging Cable
1 x User Manual","Best Feature: low quality | Performance: poor | Product Quality: poor | Mas maganda pa tunog ng Ricci buo, itong jeep basag parang lata, mas mura pa Yong Ricci, scam Yong adds",ph-11134103-7r98q-lz6av54b69ve40.jpg;ph-11134103-7r98y-lz6av54blq4a6d.jpg,0
prod_06,Baseus H19 Wired Earphones 6D Stereo Bass Headphone In-Ear 3.5mm Headset with MIC,"Hey~ Welcome to Baseus Flagship Official Store!!! Please read the product description clearly,choose u need.Most items have ready stocks! Enjoy~
 ❥Package:
1*H19 3.5mm wired earphone
❥Specifications:
Brand: Baseus
Length:1.2m
❥Feature:
1. Inclined in the ear design, comfortable to wear all day.
2. Φ 14 mm moving coil + PU composite diaphragm, 6 d sound quality,
3. Thin wire control design, sensitive keys, durable
4. Built-in HD microphone, high restoration degree,
5. TPE pattern wire, soft and anti-winding
6. Support all devices with 3.5mm interface","Honest review, mun tik ko ng i return-refund kasi ang static nung first time kong ginamit sa pc ko. Nag-o auto volume down din kahit pala-kasan ko, minu mute nya. Same sa cell phone. Garal gal sa left side, na nakka bingi. Buti um-okey last days before expiration ng re fund ni shopee. Malakas ang sounds",ph-11134103-7ras9-m6l8ga9xgnth28.jpg,1
prod_06,Baseus H19 Wired Earphones 6D Stereo Bass Headphone In-Ear 3.5mm Headset with MIC,"Hey~ Welcome to Baseus Flagship Official Store!!! Please read the product description clearly,choose u need.Most items have ready stocks! Enjoy~
 ❥Package:
1*H19 3.5mm wired earphone
❥Specifications:
Brand: Baseus
Length:1.2m
❥Feature:
1. Inclined in the ear design, comfortable to wear all day.
2. Φ 14 mm moving coil + PU composite diaphragm, 6 d sound quality,
3. Thin wire control design, sensitive keys, durable
4. Built-in HD microphone, high restoration degree,
5. TPE pattern wire, soft and anti-winding
6. Support all devices with 3.5mm interface",Performance: Very good! | Best Feature: The bass. SOBRANG SWABE! Lalo na kapag inayos mo setting ng Sound Effects sa phone mo. Grabe. 👌 | Product Quality: High quality and it looks durable. | I love the sound of it. The bass is so UGHHH! 🥰 This is my secod purchase from Baseus. I can say that both purchases are worth it! Thank you so much for the fast shipping and delivery!,ph-11134103-22090-a771q2unnuhv4b.jpg;ph-11134103-22090-b771q2unnuhv86.jpg;ph-11134103-22090-4js112unnuhv48.jpg;ph-11134103-22090-qql3q2unnuhvba.jpg;ph-11134103-22090-3js112unnuhv6f.jpg,2
prod_11,ICON Webcam 2K/ 1080P/ 720P Full HD Video Call For PC Laptop With Microphone Home USB Video Webcam,"Name: ICON 1080X1920P Webcam 2K
8 million high-definition image sensor, effective resolution 1920*1080
Main control chip: Lingtong GP2247
Camera chip: F37
Camera physical pixels: 800W
Camera angle: 90 degrees
Microphone: built-in noise reduction microphone
Drive type: free drive (plug and play)
Interface type: USB 2.0 (built-in mark)
USB cable length: 140cm
Camera chip size: 1/4'' CMOS
---------------------------------------------------------------------------------------------------------------------------------------------------------
Name: ICON webcam 720P
5 million high-definition image sensor, effective resolution 1280*720
Main control chip: Lingtong GP2247
Camera chip: F37
Camera physical pixels: 500W
Camera angle: 90 degrees
Microphone: built-in noise reduction microphone
Drive type: free drive (plug and play)
Interface type: USB 2.0 (built-in mark)
USB cable length: 140cm
Camera chip size: 1/4'' CMOS
---------------------------------------------------------------------------------------------------------------------------------------------------------
Name: ICON webcam 1080P
5 million high-definition image sensor, effective resolution 1920X1080
Main control chip: Lingtong GP2247
Camera chip: F37
Camera physical pixels: 800W
Camera angle: 90 degrees
Microphone: built-in noise reduction microphone
Drive type: free drive (plug and play)
Interface type: USB 2.0 (built-in mark)
USB cable length: 140cm
Camera chip size: 1/4'' CMOS
warranty service
Replacement within 15 days: Within 15 days after the receipt of the product, if there is a product quality problem that is not artificially damaged, you can contact customer service and we will provide replacement services.
1 year warranty: From the date of receipt of the product, if there is a hardware failure problem under normal use, non-artificial damage, any natural disasters. Free warranty for one year.
Lifetime technical maintenance: After purchasing the product, you can enjoy free lifetime technical consulting services provided by engineers
About shipping: If there is a quality problem within 1 month of purchasing the product, the shipping will be borne by each other.
After one month to one year, the return shipping fee shall be borne by the customer.","Okay naman, apaka dilim lang ng quality at hindi 2k, okay rin naman lang ang packaging, may mga scratches at parang binuksan na.",ph-11134103-820le-mmmmrt8v3yf83f.jpg,1
